Medicine_ID,Medicine_Name,Strength,UseCase,Alternative,Stock,Dosage_Instruction
1,Augmentin 625 Duo Tablet,500mg,Vomiting,Amoxycillin  (500mg) ,No,1 tablet every 8 hrs
2,Azithral 500 Tablet,500mg,Vomiting,Azithromycin (500mg),Yes,1 tablet daily for 3 days
3,Ascoril LS Syrup,30mg/5ml,Nausea,Ambroxol (30mg/5ml) ,Yes,1 tablet daily
4,Allegra 120mg Tablet,120mg,Headache,Fexofenadine (120mg),Yes,1 tablet before meals
5,Avil 25 Tablet,25mg,Sleepiness,Pheniramine (25mg),Yes,1 tablet every 6 hrs
6,Allegra-M Tablet,10mg,Nausea,Montelukast (10mg) ,Yes,1 tablet daily
7,Amoxyclav 625 Tablet,500mg,Vomiting,Amoxycillin  (500mg) ,Yes,1 tablet before meals
8,Azee 500 Tablet,500mg,Vomiting,Azithromycin (500mg),Yes,1 tablet after meals
9,Atarax 25mg Tablet,25mg,Sedation,Hydroxyzine (25mg),Yes,1 tablet after meals
10,Ascoril D Plus Syrup Sugar Free,5mg,Nausea,Phenylephrine (5mg) ,Yes,1 tablet before meals
11,Aciloc 150 Tablet,150mg,Headache,Ranitidine (150mg),Yes,1 tablet every 8 hrs
12,Alex Syrup,5mg/5ml,Nausea,Phenylephrine (5mg/5ml) ,No,1 capsule every 8 hrs
13,Anovate Cream,,"Application site reactions (burning, irritation, itching and redness)",Phenylephrine (0.10% w/w) ,Yes,As prescribed by doctor
14,Augmentin Duo Oral Suspension,200mg,Nausea,Amoxycillin  (200mg) ,Yes,1 tablet before meals
15,Ambrodil-S Syrup,15mg/5ml,Headache,Ambroxol (15mg/5ml) ,Yes,1 tablet every 8 hrs
16,Arkamin Tablet,,Dizziness,Clonidine (100mcg),Yes,1 tablet before meals
17,Avomine Tablet,25mg,Unusual production of breast milk in women and men,Promethazine (25mg),Yes,1 capsule every 8 hrs
18,Asthakind-DX Syrup Sugar Free,5mg/5ml,Nausea,Phenylephrine (5mg/5ml) ,Yes,"As directed, sip slowly"
19,Allegra 180mg Tablet,180mg,Headache,Fexofenadine (180mg),Yes,"As directed, sip slowly"
20,Albendazole 400mg Tablet,400mg,Vomiting,Albendazole (400mg),Yes,"As directed, sip slowly"
21,Asthalin Syrup,2mg/5ml,Tremors,Salbutamol (2mg/5ml),No,1 tablet before meals
22,Alprax 0.25 Tablet,0.25mg,Lightheadedness,Alprazolam (0.25mg),No,As prescribed by doctor
23,Altraday Capsule SR,200mg,Nausea,Aceclofenac (200mg) ,Yes,1 tablet daily
24,Ativan 2mg Tablet,2mg,Fatigue,Lorazepam (2mg),Yes,"As directed, sip slowly"
25,Ascoril LS Junior Syrup,15mg/5ml,Nausea,Ambroxol (15mg/5ml) ,Yes,1 tablet every 6 hrs
26,Asthalin 100mcg Inhaler,,Tachycardia,Salbutamol (100mcg),Yes,1 tablet after meals
27,Almox 500 Capsule,500mg,Rash,Amoxycillin (500mg),Yes,1 tablet daily
28,Atarax 10mg Tablet,10mg,Sedation,Hydroxyzine (10mg),Yes,1 tablet daily
29,Aciloc RD 20 Tablet,10mg,Diarrhea,Domperidone (10mg) ,Yes,1 tablet daily
30,Aldactone Tablet,25mg,Nausea,Spironolactone (25mg),Yes,1 tablet after meals
31,Allegra Suspension Raspberry & Vanilla,30mg/5ml,Headache,Fexofenadine (30mg/5ml),Yes,1 capsule every 8 hrs
32,Atarax Syrup,10mg,Sedation,Hydroxyzine (10mg),Yes,"As directed, sip slowly"
33,Amlokind-AT Tablet,5mg,Sleepiness,Amlodipine (5mg) ,No,1 tablet every 6 hrs
34,Axcer  90mg Tablet,90mg,Bleeding,Ticagrelor (90mg),Yes,As prescribed by doctor
35,Ativan 1mg Tablet,1mg,Dizziness,Lorazepam (1mg),No,1 tablet at night
36,Alkasol Oral Solution,,Stomach pain,Disodium Hydrogen Citrate (1.4gm/5ml),Yes,As prescribed by doctor
37,Aldigesic P 100mg/325mg Tablet,100mg,Nausea,Aceclofenac (100mg) ,Yes,1 tablet after meals
38,Alfoo 10mg Tablet PR,10mg,Upper respiratory tract infection,Alfuzosin (10mg),Yes,1 tablet every 8 hrs
39,Alprax 0.5mg Tablet,0.5mg,Lightheadedness,Alprazolam (0.5mg),Yes,"As directed, sip slowly"
40,Arachitol 6L Injection,,"Injection site reactions (pain, swelling, redness)",Vitamin D3 (600000IU),Yes,1 tablet daily for 3 days
41,Anafortan 25 mg/300 mg Tablet,25mg,Dryness in mouth,Camylofin (25mg) ,Yes,1 tablet every 6 hrs
42,Alex Junior Syrup,2mg/5ml,Upset stomach,Chlorpheniramine Maleate (2mg/5ml) ,Yes,"As directed, sip slowly"
43,Azithral 200 Liquid,200mg/5ml,Vomiting,Azithromycin (200mg/5ml),Yes,1 tablet at night
44,AB Phylline Capsule,100mg,Nausea,Acebrophylline (100mg),Yes,1 tablet every 6 hrs
45,Althrocin 500 Tablet,500mg,Vomiting,Erythromycin (500mg),Yes,1 tablet daily
46,Augmentin DDS Suspension,400mg/5ml,Nausea,Amoxycillin  (400mg/5ml) ,Yes,As prescribed by doctor
47,Azicip 500 Tablet,500mg,Vomiting,Azithromycin (500mg),Yes,1 tablet every 6 hrs
48,Aldigesic-SP Tablet,100mg,Nausea,Aceclofenac (100mg) ,Yes,1 tablet every 6 hrs
49,Amoxycillin 500mg Capsule,500mg,Rash,Amoxycillin (500mg),Yes,1 tablet at night
50,Asthakind Expectorant Sugar Free,50mg,Nausea,Guaifenesin (50mg) ,Yes,As prescribed by doctor
51,Acemiz Plus Tablet,100mg,Nausea,Aceclofenac (100mg) ,Yes,1 tablet at night
52,Aceclo Plus Tablet,100mg,Nausea,Aceclofenac (100mg) ,Yes,1 tablet daily
53,Anobliss Cream,,Anal irritation,Lidocaine (1.5% w/w) ,Yes,1 tablet at night
54,Alex Cough Lozenges Lemon Ginger,5mg,Sleepiness,Dextromethorphan Hydrobromide (5mg),Yes,1 tablet after meals
55,Asthalin Respules,2.5mg,Tachycardia,Salbutamol (2.5mg),Yes,1 tablet at night
56,Avil Injection,22.75mg,Sleepiness,Pheniramine (22.75mg),Yes,1 tablet daily for 3 days
57,Azee 200mg Dry Syrup,200mg/5ml,Vomiting,Azithromycin (200mg/5ml),No,As prescribed by doctor
58,Atorva Tablet,10mg,Dyspepsia,Atorvastatin (10mg),Yes,1 tablet daily
59,Asthakind-LS Expectorant Cola Sugar Free,30mg/5ml,Nausea,Ambroxol (30mg/5ml) ,Yes,"As directed, sip slowly"
60,Ascoril LS Drops,7.5mg/ml,Vomiting,Ambroxol (7.5mg/ml) ,No,1 tablet daily
61,Azmarda 50mg Tablet,24mg,Dizziness,Sacubitril (24mg) ,Yes,1 tablet every 6 hrs
62,Amixide-H Tablet,12.5mg,Constipation,Amitriptyline (12.5mg) ,Yes,1 tablet at night
63,AB-Flo-N Tablet,100mg,Vomiting,Acebrophylline (100mg) ,No,1 capsule every 8 hrs
64,AF Kit Tablet,1000mg,Taste change,Azithromycin (1000mg) ,Yes,1 tablet every 6 hrs
65,Amlokind 5 Tablet,5mg,Headache,Amlodipine (5mg),No,As prescribed by doctor
66,Amlong Tablet,5mg,Headache,Amlodipine (5mg),No,As prescribed by doctor
67,Akt 4 Kit,300mg,Nausea,Isoniazid (300mg) ,Yes,1 tablet every 8 hrs
68,Ascoril D Junior Cough Syrup,5mg/5ml,Nausea,Phenylephrine (5mg/5ml) ,Yes,1 tablet after meals
69,Amitone 10mg Tablet,10mg,Constipation,Amitriptyline (10mg),Yes,1 tablet every 8 hrs
70,Aulin 100mg Tablet,100mg,Vomiting,Nimesulide (100mg),Yes,1 tablet before meals
71,Amikacin Sulphate 500mg Injection,500mg,Increased blood urea,Amikacin (500mg),Yes,1 tablet after meals
72,Ambrodil-LX Syrup,30mg/5ml,Nausea,Ambroxol (30mg/5ml) ,Yes,As prescribed by doctor
73,Aquasol A Capsule,,No common side effects seen,Vitamin A (25000IU),No,1 tablet every 8 hrs
74,AB Phylline SR 200 Tablet,200mg,Nausea,Acebrophylline (200mg),Yes,1 tablet after meals
75,Azoran Tablet,50mg,Decreased white blood cell count,Azathioprine (50mg),Yes,1 tablet daily for 3 days
76,Amaryl 1mg Tablet,1mg,Dyspepsia,Glimepiride (1mg),No,1 tablet daily
77,Aztor 10 Tablet,10mg,Dyspepsia,Atorvastatin (10mg),Yes,1 capsule every 8 hrs
78,Atorva 40 Tablet,40mg,Vomiting,Atorvastatin (40mg),Yes,1 tablet daily
79,Azax 500 Tablet,500mg,Nausea,Azithromycin (500mg),Yes,1 tablet after meals
80,Alex Syrup Sugar Free,5mg/5ml,Lightheadedness,Phenylephrine (5mg/5ml) ,Yes,1 tablet every 6 hrs
81,Anxit 0.5 Tablet,0.5mg,Lightheadedness,Alprazolam (0.5mg),Yes,As prescribed by doctor
82,Anxit 0.25mg Tablet,0.25mg,Hemorrhage,Alprazolam (0.25mg),Yes,1 tablet daily for 3 days
83,Acitrom 2 Tablet,2mg,Blurred vision,Acenocoumarol (2mg),Yes,1 tablet daily
84,Angispan - TR 2.5mg Capsule,2.5mg,Taste change,Nitroglycerin (2.5mg),Yes,1 tablet before meals
85,Azeflo Nasal Spray,,Nausea,Fluticasone Propionate (50mcg) ,Yes,1 tablet at night
86,Acemiz -MR Tablet,100mg,Nausea,Aceclofenac (100mg) ,Yes,1 tablet after meals
87,Akurit 4 Tablet,75mg,Hoarseness of voice,Isoniazid (75mg) ,Yes,1 tablet daily
88,Aerocort Inhaler,,Erythema (skin redness),Levosalbutamol (50mcg) ,Yes,1 tablet every 8 hrs
89,Adaferin Gel,,Headache,Adapalene (0.1% w/w),Yes,1 tablet every 8 hrs
90,Acivir 400 DT Tablet,400mg,Constipation,Acyclovir (400mg),Yes,1 tablet daily for 3 days
91,Aptimust Syrup,2mg/5ml,Vomiting,Cyproheptadine (2mg/5ml) ,Yes,As prescribed by doctor
92,Augmentin 1000 Duo Tablet,875mg,Vomiting,Amoxycillin  (875mg) ,Yes,1 tablet daily
93,Ambrodil Syrup,30mg/5ml,Headache,Ambroxol (30mg/5ml),Yes,1 tablet after meals
94,Acogut Tablet,100mg,Sedation,Acotiamide (100mg),No,1 capsule every 8 hrs
95,Atarax Drops,6mg,Headache,Hydroxyzine (6mg),Yes,1 tablet every 8 hrs
96,Amlip 5 Tablet,5mg,Fever,Amlodipine (5mg),Yes,1 tablet daily
97,AntiD 300mcg/ml Injection,,Nausea,Anti Rh D Immunoglobulin (300mcg/ml),Yes,1 tablet every 8 hrs
98,Alerid Syrup,5mg/5ml,Nausea,Cetirizine (5mg/5ml),Yes,"As directed, sip slowly"
99,Aldactone 50 Tablet,50mg,Allergic reaction,Spironolactone (50mg),Yes,"As directed, sip slowly"
100,Ampoxin 500 Capsule,250mg,Vomiting,Ampicillin (250mg) ,No,1 tablet after meals
101,Azee 250 Tablet,250mg,Sleepiness,Azithromycin (250mg),Yes,1 capsule every 8 hrs
102,Alerid Tablet,10mg,Vomiting,Cetirizine (10mg),Yes,1 tablet daily
103,Augmentin 375 Tablet,250mg,Nausea,Amoxycillin  (250mg) ,Yes,As prescribed by doctor
104,Acenac-P  Tablet,100mg,"Application site reactions (burning, irritation, itching and redness)",Aceclofenac (100mg) ,No,1 tablet every 8 hrs
105,Acivir Cream,,Nausea,Acyclovir (5% w/w),Yes,1 capsule every 8 hrs
106,AB-Flo Capsule,100mg,Vomiting,Acebrophylline (100mg),No,1 tablet daily
107,AB Phylline N Tablet,100mg,Nausea,Acebrophylline (100mg) ,Yes,1 tablet every 8 hrs
108,Amifru 40 Tablet,40mg,Nasal inflammation,Furosemide (40mg) ,Yes,1 tablet daily
109,Avamys Nasal Spray,,Stomach pain,Fluticasone Furoate (0.05% w/w),Yes,1 tablet before meals
110,Alkasol Oral Solution Sugar Free,,Headache,Disodium Hydrogen Citrate (1.4gm/5ml),Yes,1 tablet every 6 hrs
111,Aciloc 300 Tablet,300mg,"Application site reactions (burning, irritation, itching and redness)",Ranitidine (300mg),Yes,1 tablet after meals
112,Aziderm 20% Cream,,Nausea,Azelaic Acid (20% w/w),Yes,"As directed, sip slowly"
113,Ace Proxyvon Tablet,100mg,Sleepiness,Aceclofenac (100mg) ,Yes,1 tablet before meals
114,Avil Injection,22.75mg,Burning sensation,Pheniramine (22.75mg),No,1 tablet at night
115,Ano Metrogyl Cream,,Dizziness,Lidocaine (4% w/w) ,Yes,1 capsule every 8 hrs
116,Admenta 5 Tablet,5mg,Nausea,Memantine (5mg),Yes,1 tablet daily for 3 days
117,Aceclo-MR Tablet,100mg,Dryness in mouth,Aceclofenac (100mg) ,Yes,1 tablet every 6 hrs
118,Alerid-D Tablet,5mg,Nausea,Cetirizine (5mg) ,Yes,1 tablet daily for 3 days
119,Acemiz-S Tablet,100mg,Dryness in mouth,Aceclofenac (100mg) ,Yes,1 tablet at night
120,Allercet-DC Tablet,10mg,Stomach pain,Cetirizine (10mg) ,No,1 capsule every 8 hrs
121,Aztolet  10 Tablet,10mg,Vomiting,Atorvastatin (10mg) ,Yes,1 tablet after meals
122,Amaryl 2mg Tablet,2mg,Nausea,Glimepiride (2mg),Yes,1 tablet every 8 hrs
123,Augmentin 1.2gm Injection,1000mg,Sleepiness,Amoxycillin  (1000mg) ,Yes,1 capsule every 8 hrs
124,Ambrodil-Plus RF Syrup,15mg/5ml,Hypoglycemia (low blood glucose level),Ambroxol (15mg/5ml) ,Yes,As prescribed by doctor
125,Amlopres-AT Tablet,5mg,Headache,Amlodipine (5mg) ,Yes,1 tablet daily for 3 days
126,Ajaduo 25mg/5mg Tablet,25mg,No common side effects seen,Empagliflozin (25mg) ,No,1 tablet daily
127,Avanair 100 Tablet,100mg,Headache,Avanafil (100mg),Yes,As prescribed by doctor
128,Acton-OR Tablet SR,300mg,Upset stomach,Paracetamol (300mg) ,Yes,1 tablet at night
129,Aquazide 12.5 Tablet,12.5mg,Vomiting,Hydrochlorothiazide (12.5mg),No,1 tablet daily
130,Alaspan AM Tablet,60mg,Vomiting,Ambroxol (60mg) ,Yes,1 tablet after meals
131,Althrocin 250 Tablet,250mg,Diarrhea,Erythromycin (250mg),Yes,As prescribed by doctor
132,Azikem 500mg Tablet,500mg,Headache,Azithromycin (500mg),No,1 tablet after meals
133,Aldosmin 500mg Tablet,450mg,Hemorrhage,Diosmin (450mg) ,No,1 tablet at night
134,Amlovas 5 Tablet,5mg,Headache,Amlodipine (5mg),No,1 tablet daily for 3 days
135,Acitrom 1 Tablet,1mg,Nausea,Acenocoumarol (1mg),Yes,1 tablet before meals
136,AF 150 Tablet DT,150mg,Hypoglycemia (low blood glucose level),Fluconazole (150mg),Yes,1 tablet before meals
137,Ascoril SF Expectorant,50mg,Vomiting,Guaifenesin (50mg) ,Yes,As prescribed by doctor
138,Amaryl M  1mg Tablet PR,1mg,Headache,Glimepiride (1mg) ,Yes,"As directed, sip slowly"
139,Azithral XL 200 Liquid,200mg/5ml,Nausea,Azithromycin (200mg/5ml),No,"As directed, sip slowly"
140,AF 400 Tablet,400mg,Dyspepsia,Fluconazole (400mg),Yes,1 tablet at night
141,Amantrel Tablet,100mg,Nausea,Amantadine (100mg),Yes,1 tablet at night
142,Atorva 20 Tablet,20mg,Nausea,Atorvastatin (20mg),Yes,1 tablet after meals
143,Acenac-MR Tablet,4mg,Tremors,Thiocolchicoside (4mg) ,No,As prescribed by doctor
144,Ambrolite-S Expectorant,30mg,Vomiting,Ambroxol (30mg) ,Yes,As prescribed by doctor
145,Asthalin 4 Tablet,4mg,Hypoglycemia (low blood glucose level),Salbutamol (4mg),Yes,1 tablet at night
146,Abiways Tablet,100mg,Decreased white blood cell count,Acebrophylline (100mg) ,Yes,1 tablet before meals
147,Amaryl M  2mg Tablet PR,2mg,Rash,Glimepiride (2mg) ,Yes,1 tablet at night
148,Azoran Tablet,50mg,Headache,Azathioprine (50mg),Yes,1 tablet after meals
149,Ampilox Capsule,250mg,Headache,Ampicillin (250mg) ,Yes,1 tablet every 8 hrs
150,Adrenaline Tartrate Injection,,Nausea,Adrenaline (NA),Yes,1 tablet at night
151,Acogut 300 ER Tablet,300mg,Nausea,Acotiamide (300mg),Yes,1 tablet every 6 hrs
152,Acuvin Tablet,325mg,Nausea,Paracetamol/Acetaminophen  (325mg) ,No,1 tablet daily
153,AB-Flo SR Tablet,200mg,Nausea,Acebrophylline (200mg),No,1 tablet every 6 hrs
154,Air-M Tablet,10mg,Nausea,Montelukast (10mg) ,Yes,1 tablet daily
155,Atorlip-F Tablet,10mg,Headache,Atorvastatin (10mg) ,Yes,1 capsule every 8 hrs
156,Advent Forte 457mg Syrup Tangy Orange,400mg/5ml,Dyspepsia,Amoxycillin  (400mg/5ml) ,Yes,1 tablet at night
157,Amlodac 5 Tablet,5mg,Nausea,Amlodipine (5mg),Yes,1 tablet daily
158,Aztor 40 Tablet,40mg,Tremors,Atorvastatin (40mg),Yes,1 tablet after meals
159,Ascoril Plus Expectorant,2mg/5ml,Sleepiness,Bromhexine (2mg/5ml) ,Yes,"As directed, sip slowly"
160,Alupent 10mg Tablet,10mg,Excessive salivation,Orciprenaline (10mg),Yes,1 tablet at night
161,Amlip AT Tablet,5mg,Nasal inflammation,Amlodipine (5mg) ,Yes,1 tablet daily for 3 days
162,Asthakind-P Drops,7.5mg,Weakness,Ambroxol (7.5mg) ,Yes,1 tablet after meals
163,Allegra Nasal Spray,,Diarrhea,Fluticasone Furoate (27.5mcg),Yes,1 tablet before meals
164,Addnok 0.2mg Tablet,0.2mg,Eye pain,Buprenorphine (0.2mg),Yes,1 tablet before meals
165,Aldosmin 1000mg Tablet,900mg,Nausea,Diosmin (900mg) ,Yes,As prescribed by doctor
166,Andre I-Kul Eye Drop,,Nausea,Camphor (0.01% w/v) ,Yes,1 capsule every 8 hrs
167,Antiflu 75mg Capsule,75mg,Nausea,Oseltamivir Phosphate (75mg),Yes,1 tablet every 8 hrs
168,Alerfix Total Tablet SR,75mg,Injection site pain,Ambroxol (75mg) ,Yes,1 tablet every 6 hrs
169,Alex-L Cough Syrup Mango,20mg/5ml,"Injection site reactions (pain, swelling, redness)",Levocloperastine (20mg/5ml),Yes,1 capsule every 8 hrs
170,Atropine Sulphate Injection,0.6mg,Headache,Atropine (0.6mg),Yes,1 tablet after meals
171,Aquaviron Injection 1ml,25mg,Upset stomach,Testosterone (25mg),Yes,1 capsule every 8 hrs
172,Aciclovir 400 Tablet,400mg,Vomiting,Acyclovir (400mg),Yes,1 tablet before meals
173,Alkof DX Syrup,4mg,"Flushing (sense of warmth in the face, ears, neck and trunk)",Chlorpheniramine Maleate (4mg) ,No,1 tablet after meals
174,ATM 500 Tablet,500mg,Nausea,Azithromycin (500mg),Yes,1 tablet after meals
175,Assurans Tablet,20mg,Hypoglycemia (low blood glucose level),Sildenafil (20mg),Yes,"As directed, sip slowly"
176,Ambrolite D Syrup,5mg/5ml,Cold extremities,Phenylephrine (5mg/5ml) ,Yes,1 tablet every 8 hrs
177,Actrapid HM 100IU/ml Penfill,,Dizziness,Human insulin (100IU),Yes,1 tablet at night
178,Aten 50 Tablet,50mg,Nausea,Atenolol (50mg),Yes,1 capsule every 8 hrs
179,Azmarda 100mg Tablet,49mg,Lightheadedness,Sacubitril (49mg) ,Yes,1 capsule every 8 hrs
180,Asthalin AX Syrup,30mg/5ml,Nausea,Ambroxol (30mg/5ml) ,No,1 tablet daily
181,Alzolam 0.5mg Tablet,0.5mg,Confusion,Alprazolam (0.5mg),No,1 capsule every 8 hrs
182,A Kare Combipack,200mg,Sleepiness,Mifepristone (200mg) ,Yes,1 tablet every 6 hrs
183,Ambulax Tablet,0.25mg,Nausea,Alprazolam (0.25mg) ,Yes,1 capsule every 8 hrs
184,Amlovas-AT Tablet,5mg,Nausea,Amlodipine (5mg) ,Yes,1 tablet at night
185,Asthakind-DX Junior Syrup Cherry,2.5mg/5ml,Headache,Phenylephrine (2.5mg/5ml) ,Yes,1 capsule every 8 hrs
186,Advent 228.5mg Dry Syrup,200mg/5ml,Upper respiratory tract infection,Amoxycillin  (200mg/5ml) ,Yes,1 tablet before meals
187,Acivir 800 DT Tablet,800mg,Vomiting,Acyclovir (800mg),No,1 tablet daily
188,Alfusin Tablet PR,10mg,Stomach pain,Alfuzosin (10mg),Yes,1 tablet after meals
189,Aziwok 500 Tablet,500mg,Vomiting,Azithromycin (500mg),Yes,1 tablet before meals
190,Alkacitral Liquid,,Vomiting,Disodium Hydrogen Citrate (1.25gm/5ml),Yes,1 tablet at night
191,Almox-CV 625 Tablet,500mg,Vomiting,Amoxycillin  (500mg) ,Yes,1 tablet daily
192,Azithral 100 Liquid,20mg/ml,Nausea,Azithromycin (20mg/ml),No,1 tablet daily
193,Azee 100mg Dry Syrup Peppermint,100mg/5ml,Nausea,Azithromycin (100mg/5ml),No,"As directed, sip slowly"
194,Ace-Proxyvon CR Tablet,200mg,Diarrhea,Aceclofenac (200mg) ,Yes,1 tablet daily for 3 days
195,Ascoril C  Syrup,4mg,Hypoglycemia (low blood glucose level),Chlorpheniramine Maleate (4mg) ,No,1 tablet daily for 3 days
196,Aprezo 30mg Tablet,30mg,Ankle swelling,Apremilast (30mg),Yes,"As directed, sip slowly"
197,Apidra 100IU Cartridge,,Constipation,Insulin Glulisine (100IU),No,1 tablet after meals
198,Amlosafe 3D Tablet,40mg,Nausea,Telmisartan (40mg) ,Yes,As prescribed by doctor
199,Andial 2mg Tablet,2mg,Skin peeling,Loperamide (2mg),No,1 capsule every 8 hrs
200,Acenext P 100mg/325mg Tablet,100mg,Vomiting,Aceclofenac (100mg) ,Yes,1 tablet at night
201,Acnesol A Nano Gel,,Ankle swelling,Adapalene (0.1% w/w) ,Yes,As prescribed by doctor
202,Ascoril Flu Syrup,2mg/5ml,Blurred vision,Chlorpheniramine Maleate (2mg/5ml) ,No,1 tablet every 6 hrs
203,Asomex 2.5 Tablet,2.5mg,Nausea,S-Amlodipine (2.5mg),No,1 capsule every 8 hrs
204,Angiplat 2.5 Capsule TR,2.5mg,Vomiting,Nitroglycerin (2.5mg),Yes,1 tablet every 6 hrs
205,Alkof Cofgel  Tablet,,Lightheadedness,Guaifenesin (NA) ,Yes,1 tablet at night
206,Azithral 250mg DT Tablet,250mg,Vomiting,Azithromycin (250mg),No,1 tablet every 6 hrs
207,Alzolam 0.25mg Tablet,0.25mg,Hypoglycemia (low blood glucose level),Alprazolam (0.25mg),Yes,1 capsule every 8 hrs
208,Advent 625 Tablet,500mg,Dizziness,Amoxycillin  (500mg) ,Yes,1 tablet every 6 hrs
209,Alsita M 50mg/500mg Tablet,50mg,Nausea,Sitagliptin  (50mg) ,Yes,1 tablet at night
210,Axogurd-SR Tablet,,Hypoglycemia (low blood glucose level),Methylcobalamin (1500mcg) ,Yes,As prescribed by doctor
211,Azoflox UTI Tablet,200mg,Nausea,Ofloxacin (200mg) ,Yes,1 tablet every 8 hrs
212,Azulix 2 MF Tablet PR,2mg,Hypoglycemia (low blood glucose level),Glimepiride (2mg) ,Yes,1 tablet daily for 3 days
213,Amaryl MV 2mg Tablet SR,2mg,Cold extremities,Glimepiride (2mg) ,Yes,As prescribed by doctor
214,Azulix 1 MF Tablet PR,1mg,Vomiting,Glimepiride (1mg) ,No,As prescribed by doctor
215,Aten 25 Tablet,25mg,Sleepiness,Atenolol (25mg),Yes,1 tablet daily
216,Azibact 500 Tablet,500mg,Vomiting,Azithromycin (500mg),Yes,As prescribed by doctor
217,Amlopres TL Tablet,40mg,Headache,Telmisartan (40mg) ,Yes,1 tablet daily
218,Ambrolite Syrup,30mg/5ml,Dyspepsia,Ambroxol (30mg/5ml),Yes,1 tablet daily for 3 days
219,Actapro Tablet,100mg,Nausea,Acotiamide (100mg),Yes,1 tablet at night
220,Aztor 20 Tablet,20mg,Stomach pain,Atorvastatin (20mg),Yes,1 tablet daily for 3 days
221,Alkof Syrup,50mg,"Application site reactions (burning, irritation, itching and redness)",Guaifenesin (50mg) ,No,1 capsule every 8 hrs
222,Atorfit CV 10 Capsule,10mg,Headache,Atorvastatin (10mg) ,No,1 tablet daily
223,Acnesol Gel,,Headache,Clindamycin (1% w/w),Yes,1 tablet at night
224,Amtas 5 Tablet,5mg,Sleepiness,Amlodipine (5mg),Yes,1 tablet daily
225,Alrgee 120mg Tablet,120mg,Akathisia (inability to stay still),Fexofenadine (120mg),Yes,1 tablet after meals
226,Avil 50mg Tablet,50mg,"Flushing (sense of warmth in the face, ears, neck and trunk)",Pheniramine (50mg),Yes,1 tablet every 6 hrs
227,Arip MT 5 Tablet,5mg,Eye irritation,Aripiprazole (5mg),Yes,1 tablet every 6 hrs
228,Alivher Tablet,25mg,Nausea,Sildenafil (25mg),Yes,1 tablet daily
229,Apdrops LP  Eye Drop BAK Free,,Headache,Loteprednol etabonate (0.5% w/v) ,Yes,As prescribed by doctor
230,Amrox-LS Syrup,30mg,Vomiting,Ambroxol (30mg) ,Yes,1 tablet daily
231,Altonil 3mg Tablet,3mg,Dyspepsia,Melatonin (3mg),No,"As directed, sip slowly"
232,Allercet Cold Tablet,5mg,Dizziness,Levocetirizine (5mg) ,Yes,1 tablet every 6 hrs
233,Atorlip 10 Tablet,10mg,Rash,Atorvastatin (10mg),No,1 tablet after meals
234,Admenta 10 Tablet,10mg,Vomiting,Memantine (10mg),Yes,1 tablet daily for 3 days
235,Amox 500mg Capsule,500mg,Tachycardia,Amoxycillin (500mg),No,1 tablet daily
236,Azee 250 Tablet,250mg,Eye irritation,Azithromycin (250mg),No,1 tablet daily for 3 days
237,Asthalin Respirator Solution,5mg,Rash,Salbutamol (5mg),Yes,1 capsule every 8 hrs
238,Add Tears Lubricant Eye Drop,,Abdominal pain,Carboxymethylcellulose (0.5% w/v),No,"As directed, sip slowly"
239,Almox 250 Capsule,250mg,Stomach pain,Amoxycillin (250mg),Yes,1 tablet before meals
240,Aztor Asp 75 Capsule,10mg,Nausea,Atorvastatin (10mg) ,Yes,1 tablet every 6 hrs
241,Alkacip Syrup,,Headache,Disodium Hydrogen Citrate (1.53gm/5ml),No,As prescribed by doctor
242,Arbitel-Trio 50 Tablet ER,10mg,Vomiting,Cilnidipine (10mg) ,Yes,1 tablet every 8 hrs
243,Acivir 200 DT Tablet,200mg,Blisters on skin,Acyclovir (200mg),Yes,1 tablet daily
244,Augmentin ES Oral Suspension,600mg/5ml,Skin peeling,Amoxycillin  (600mg/5ml) ,Yes,1 tablet after meals
245,Amrolstar Cream,,Anemia (low number of red blood cells),Amorolfine (0.25% w/w),Yes,1 tablet daily
246,Adalene Nanogel Gel,,Limited data available,Adapalene (0.1% w/w) ,Yes,"As directed, sip slowly"
247,Apigat 2.5 Tablet,2.5mg,Headache,Apixaban (2.5mg),Yes,1 tablet every 6 hrs
248,Aeromont-B Tablet,20mg,Vomiting,Bilastine (20mg) ,Yes,1 capsule every 8 hrs
249,Amlopres 5 Tablet,5mg,Diarrhea,Amlodipine (5mg),Yes,1 tablet after meals
250,Abevia-N Tablet,100mg,Diarrhea,Acebrophylline (100mg) ,No,"As directed, sip slowly"
251,Acamprol Tablet,333mg,Stomach pain,Acamprosate (333mg),No,1 tablet at night
252,Ancool  Oral Suspension Sugar Free,300mg/5ml,Eye irritation,Aluminium Hydroxide (300mg/5ml) ,Yes,As prescribed by doctor
253,Atormac CV10 Capsule,10mg,Constipation,Atorvastatin (10mg) ,Yes,1 tablet before meals
254,Apdrops PD Eye Drop,,"Application site reactions (burning, irritation, itching and redness)",Moxifloxacin (0.5% w/v) ,Yes,1 tablet every 8 hrs
255,Amnurite  10 Tablet SR,10mg,Sleepiness,Amitriptyline (10mg) ,No,As prescribed by doctor
256,Atonide Gel,,Vomiting,Desonide (0.05% w/w),No,1 tablet daily
257,Amlong-A Tablet,5mg,"Application site reactions (burning, irritation, itching and redness)",Amlodipine (5mg) ,Yes,1 tablet every 6 hrs
258,Acivir 500 Infusion,500mg,Vomiting,Acyclovir (500mg),Yes,As prescribed by doctor
259,AF-K Lotion,,Vomiting,Ketoconazole (2% w/v) ,Yes,1 tablet after meals
260,Amoxyclav 375 Tablet,250mg,Headache,Amoxycillin  (250mg) ,Yes,1 tablet daily
261,Abd 400mg Tablet,400mg,Vomiting,Albendazole (400mg),Yes,As prescribed by doctor
262,Amlong 2.5 Tablet,2.5mg,Insomnia (difficulty in sleeping),Amlodipine (2.5mg),Yes,1 tablet every 8 hrs
263,Alburel 20gm Solution for Infusion,0.2,Vomiting,Albumin (20%),Yes,1 tablet every 6 hrs
264,Anacin Tablet,50mg,Vomiting,Caffeine (50mg) ,Yes,1 tablet at night
265,Azithro 250mg Tablet,250mg,Sleepiness,Azithromycin (250mg),No,As prescribed by doctor
266,Azimax 500 Tablet,500mg,Headache,Azithromycin (500mg),Yes,1 tablet every 6 hrs
267,Amlosafe-AT Tablet,5mg,Abdominal pain,Amlodipine (5mg) ,Yes,1 tablet every 8 hrs
268,Air 180 Tablet,180mg,Eye discomfort,Fexofenadine (180mg),Yes,1 tablet every 6 hrs
269,Adilip 135 Tablet DR,135mg,Headache,Choline fenofibrate (135mg),No,"As directed, sip slowly"
270,Apdrops Eye Drop,,Anemia (low number of red blood cells),Moxifloxacin (0.5% w/v),Yes,"As directed, sip slowly"
271,Amlosafe 5 Tablet,5mg,Headache,Amlodipine (5mg),Yes,1 tablet every 6 hrs
272,Apigat 5 Tablet,5mg,Nausea,Apixaban (5mg),Yes,1 tablet daily
273,Amlogard 5mg Tablet,5mg,Vomiting,Amlodipine (5mg),No,1 capsule every 8 hrs
274,Amaryl MV 1mg Tablet SR,1mg,Sleepiness,Glimepiride (1mg) ,No,1 capsule every 8 hrs
275,Azee 500 Tablet,500mg,Headache,Azithromycin (500mg),Yes,1 tablet every 6 hrs
276,ALERGIN L TABLET,5mg,Nausea,Levocetirizine (5mg),Yes,1 tablet daily
277,Aciloc Injection,25mg,Decreased white blood cell count,Ranitidine (25mg),Yes,1 tablet daily for 3 days
278,Alex P Syrup,0.5mg/5ml,Sleepiness,Chlorpheniramine Maleate (0.5mg/5ml) ,Yes,"As directed, sip slowly"
279,AZR Tablet,50mg,Constipation,Azathioprine (50mg),No,1 tablet after meals
280,Angicam-Beta Tablet,5mg,Abdominal pain,Amlodipine (5mg) ,Yes,1 tablet every 8 hrs
281,Amicobal 10mg/1500mcg Tablet,10mg,Nausea,Amitriptyline (10mg) ,No,1 capsule every 8 hrs
282,Actibile 300 Tablet,300mg,Hypoglycemia (low blood glucose level),Ursodeoxycholic Acid (300mg),Yes,1 tablet every 6 hrs
283,Ambrolite Levo Syrup,30mg/5ml,"Application site reactions (burning, irritation, itching and redness)",Ambroxol (30mg/5ml) ,Yes,1 tablet at night
284,Amaryl M Forte 2mg Tablet PR,2mg,Vomiting,Glimepiride (2mg) ,Yes,1 tablet at night
285,Acivir Cream,,Nausea,Acyclovir (5% w/w),No,1 capsule every 8 hrs
286,Azicip 250 Tablet,250mg,Nausea,Azithromycin (250mg),Yes,1 tablet daily for 3 days
287,Algesia CR 200mg/20mg Capsule,200mg,Dyspepsia,Aceclofenac (200mg) ,Yes,1 tablet before meals
288,Ascoril Expectorant,4mg,Hemorrhage,Bromhexine (4mg) ,Yes,1 tablet at night
289,Atorva 80 Tablet,80mg,Nasopharyngitis (inflammation of the throat and nasal passages),Atorvastatin (80mg),No,1 capsule every 8 hrs
290,Acitrom 4 Tablet,4mg,Constipation,Acenocoumarol (4mg),Yes,As prescribed by doctor
291,Alsita 100mg Tablet,100mg,Runny nose,Sitagliptin (100mg),No,"As directed, sip slowly"
292,Amnurite  5 mg/1500 mcg Tablet,5mg,Ankle swelling,Amitriptyline (5mg) ,Yes,1 tablet after meals
293,Airz Capsule,,Bleeding,Glycopyrrolate (50mcg),Yes,1 tablet after meals
294,Asomex 5 Tablet,5mg,Nausea,S-Amlodipine (5mg),Yes,1 tablet daily for 3 days
295,Axcer  90mg Tablet,90mg,"Application site reactions (burning, irritation, itching and redness)",Ticagrelor (90mg),Yes,As prescribed by doctor
296,Anaspas Tablet,50mg,Headache,Camylofin (50mg) ,Yes,As prescribed by doctor
297,Ascabiol Emulsion,,Nausea,Lindane (1% w/v) ,Yes,1 tablet before meals
298,Addwize 10mg Tablet,10mg,Headache,Methylphenidate (10mg),Yes,1 capsule every 8 hrs
299,Ascoril Plus Expectorant,2mg/5ml,Nausea,Bromhexine (2mg/5ml) ,Yes,1 tablet every 8 hrs
300,Amlong 10 Tablet,10mg,Nausea,Amlodipine (10mg),Yes,1 tablet daily for 3 days
301,Abd Plus Tablet,6mg,Nausea,Ivermectin  (6mg) ,Yes,1 tablet every 6 hrs
302,Allercet-M Tablet,5mg,Vomiting,Levocetirizine (5mg) ,Yes,1 tablet daily
303,Augpen -DS Suspension,400mg/5ml,Dyspepsia,Amoxycillin  (400mg/5ml) ,Yes,1 tablet daily for 3 days
304,Althrocin Liquid,125mg/5ml,Vomiting,Erythromycin (125mg/5ml),No,1 tablet before meals
305,Atocor 10 Tablet,10mg,Nausea,Atorvastatin (10mg),Yes,1 tablet daily
306,Augpen 625 BID Tablet,500mg,Headache,Amoxycillin  (500mg) ,Yes,1 tablet before meals
307,Atchol-F Tablet,10mg,Nausea,Atorvastatin (10mg) ,Yes,1 capsule every 8 hrs
308,Alensol-D Tablet,70mg,Eye redness,Alendronic Acid (70mg) ,No,As prescribed by doctor
309,Arbitel-Trio 25 Tablet ER,10mg,Vomiting,Cilnidipine (10mg) ,Yes,1 tablet daily for 3 days
310,Acivir Eye Ointment,,Hypoglycemia (low blood glucose level),Acyclovir (3% w/w),Yes,1 tablet after meals
311,Aceclo Tablet,100mg,Constipation,Aceclofenac (100mg),Yes,1 capsule every 8 hrs
312,Actrapid 100 IU/ml Flexpen,,Dryness in mouth,Human insulin (100IU),Yes,1 tablet at night
313,Amitone 25mg Tablet,25mg,Diarrhea,Amitriptyline (25mg),No,"As directed, sip slowly"
314,Anafortan Syrup,12.5mg/5ml,Excessive salivation,Camylofin (12.5mg/5ml) ,Yes,1 tablet at night
315,Acera-D Capsule SR,30mg,Constipation,Domperidone (30mg) ,Yes,1 tablet after meals
316,Aerodil SF Expectorant,15mg/5ml,Stomach pain,Ambroxol (15mg/5ml) ,No,1 capsule every 8 hrs
317,Aculip H 12.5 mg/5 mg Tablet,12.5mg,Headache,Amitriptyline (12.5mg) ,Yes,"As directed, sip slowly"
318,Aztolet  20 Tablet,20mg,Hot flashes,Atorvastatin (20mg) ,Yes,1 tablet every 8 hrs
319,Amlopin 5 Tablet,5mg,Nausea,Amlodipine (5mg),No,1 tablet every 6 hrs
320,Arimidex 1mg Tablet,1mg,Drowsiness,Anastrozole (1mg),Yes,1 tablet daily
321,Alzil-M 5 Tablet,5mg,Headache,Donepezil (5mg) ,Yes,"As directed, sip slowly"
322,Acuvert Tablet,5mg,Vomiting,Prochlorperazine (5mg),Yes,1 tablet daily
323,Alciflox 500mg Tablet,500mg,Diarrhea,Ciprofloxacin (500mg),Yes,"As directed, sip slowly"
324,Azax 250 Tablet,250mg,Nausea,Azithromycin (250mg),Yes,1 tablet every 6 hrs
325,Aceclo Spas Tablet,80mg,"Application site reactions (burning, irritation, itching and redness)",Drotaverine (80mg) ,Yes,1 tablet every 8 hrs
326,Asthakind-LS Drop,,Rash,Ambroxol (NA) ,Yes,1 tablet every 8 hrs
327,Ascabiol Emulsion,,Sleepiness,Lindane (1% w/v) ,Yes,As prescribed by doctor
328,Alphadol 0.25mcg Capsule,,Akathisia (inability to stay still),Alfacalcidol (0.25mcg),No,As prescribed by doctor
329,Alex Cough Lozenges Sugar Free,5mg,No common side effects seen,Dextromethorphan Hydrobromide (5mg),Yes,1 tablet after meals
330,Arip MT 10 Tablet,10mg,Nausea,Aripiprazole (10mg),Yes,1 tablet before meals
331,Anabel Liquid Gel,,Sleepiness,Choline Salicylate (8.7% w/w) ,Yes,"As directed, sip slowly"
332,Aricep 5 Tablet,5mg,Dizziness,Donepezil (5mg),Yes,1 tablet daily for 3 days
333,Amlosafe-AT Tablet,5mg,Blurred vision,Amlodipine (5mg) ,Yes,1 tablet daily for 3 days
334,Aceclo SR Tablet,200mg,Constipation,Aceclofenac (200mg),Yes,1 tablet daily
335,Azopt Opthalmic Suspension,,Confusion,Brinzolamide (1% w/v),No,"As directed, sip slowly"
336,Amitop 10 Tablet,10mg,Headache,Amitriptyline (10mg),Yes,As prescribed by doctor
337,Ambulax M Tablet,0.25mg,"Flushing (sense of warmth in the face, ears, neck and trunk)",Alprazolam (0.25mg) ,No,1 tablet after meals
338,Alcipro 500mg Tablet,500mg,Nausea,Ciprofloxacin (500mg),No,1 tablet before meals
339,Assurans Tablet,20mg,Stomach pain,Sildenafil (20mg),No,1 tablet at night
340,Augpen LB 625 Tablet,500mg,Diarrhea,Amoxycillin (500mg) ,Yes,1 tablet every 6 hrs
341,Alkaliser Syrup,,Blurred vision,Disodium Hydrogen Citrate (NA),Yes,1 capsule every 8 hrs
342,Aquaviron 40mg Capsule,40mg,Nausea,Testosterone (40mg),Yes,As prescribed by doctor
343,Angiwell 2.6mg Tablet,2.6mg,Nausea,Nitroglycerin (2.6mg),Yes,As prescribed by doctor
344,Anaflam TH  4  Tablet,4mg,Headache,Thiocolchicoside (4mg) ,Yes,1 tablet at night
345,Alzil 5 Tablet,5mg,Nausea,Donepezil (5mg),Yes,1 capsule every 8 hrs
346,Amlo 5mg Tablet,5mg,"Application site reactions (burning, irritation, itching and redness)",Amlodipine (5mg),Yes,1 tablet every 6 hrs
347,Asthalin Plus Expectorant,15mg/5ml,Constipation,Ambroxol (15mg/5ml) ,No,1 tablet at night
348,Ascabiol Emulsion,,Dark colored urine,Lindane (1% w/v) ,Yes,1 tablet every 8 hrs
349,Amitone Plus Tablet,12.5mg,Vomiting,Amitriptyline (12.5mg) ,Yes,1 tablet after meals
350,Akt 2 Tablet,450mg,Constipation,Rifampicin (450mg) ,Yes,1 capsule every 8 hrs
351,Alex Plus Paediatric Oral Drops,2mg/ml,Diarrhea,Chlorpheniramine Maleate (2mg/ml) ,No,"As directed, sip slowly"
352,Antacid Tablet,250mg,Dyspepsia,Aluminium Hydroxide (250mg) ,Yes,1 tablet at night
353,Apresol Tablet,25mg,Glucose intolerance,Dihydralazine (25mg),No,1 tablet before meals
354,Atchol 40 Tablet,40mg,Runny nose,Atorvastatin (40mg),Yes,1 tablet at night
355,Amlong-H Tablet,5mg,Nausea,Amlodipine (5mg) ,Yes,1 tablet after meals
356,Airz-FF Capsule,,Dizziness,Glycopyrrolate (12.5mcg) ,Yes,1 tablet after meals
357,Arflur 3D Tablet,100mg,Constipation,Aceclofenac (100mg) ,No,1 capsule every 8 hrs
358,Azmarda 200mg Tablet,97mg,Unusual production of breast milk in women and men,Sacubitril (97mg) ,No,1 tablet daily
359,Amixide 10mg Tablet,25mg,Akathisia (inability to stay still),Amitriptyline (25mg) ,Yes,1 tablet daily
360,Avomine 25mg Tablet MD,25mg,Nausea,Promethazine (25mg),Yes,1 tablet daily for 3 days
361,Arpizol 2mg Tablet,2mg,Hoarseness of voice,Aripiprazole (2mg),No,1 tablet every 8 hrs
362,Ascodex Cough Syrup,4mg,Headache,Bromhexine (4mg) ,No,"As directed, sip slowly"
363,Aerocort Forte Rotacap,,Eye irritation,Levosalbutamol (100mcg) ,Yes,1 tablet daily for 3 days
364,AF 200 Tablet,200mg,Abdominal pain,Fluconazole (200mg),No,1 tablet every 8 hrs
365,Aquasurge  Eye Drop,,Vomiting,Carboxymethylcellulose (0.5% w/v),Yes,1 tablet at night
366,Atorva Asp 75 Capsule,10mg,Burning eyes,Atorvastatin (10mg) ,Yes,"As directed, sip slowly"
367,Azivent 500 Tablet,500mg,Dryness in mouth,Azithromycin (500mg),No,1 tablet after meals
368,Azithral Eye Ointment,,Eye irritation,Azithromycin (1% w/w),Yes,1 tablet after meals
369,Adtrol XT Tablet,1250mg,Headache,Calcium Carbonate (1250mg) ,No,1 tablet daily
370,Aqualube Eye Drop,,Dryness in mouth,Carboxymethylcellulose (0.5% w/v),Yes,1 capsule every 8 hrs
371,Antisnake Venom Injection,0.6mg,Decreased white blood cell count,Standard Cobra Venom (Naja naja) (0.6mg) ,Yes,1 tablet every 8 hrs
372,Acrotac 25mg Capsule,25mg,Blisters on skin,Acitretin (25mg),Yes,1 tablet daily
373,Azathioprine 50mg Tablet,50mg,Rash,Azathioprine (50mg),Yes,"As directed, sip slowly"
374,Amrolstar Nail Lacquer,,Dyspepsia,Amorolfine (5% w/v),No,As prescribed by doctor
375,Allercet-M Syrup,2.5mg/5ml,Blurred vision,Levocetirizine (2.5mg/5ml) ,Yes,1 tablet every 6 hrs
376,Atchol 10 Tablet,10mg,Dry skin,Atorvastatin (10mg),Yes,1 tablet daily
377,Alphagan Z Ophthalmic Solution,,Oily skin,Brimonidine (0.1% w/v) ,Yes,As prescribed by doctor
378,Acutret 10 Capsule,10mg,Allergy,Isotretinoin (10mg),Yes,1 tablet at night
379,Acnedap Gel,,Nausea,Dapsone (5% w/w),No,1 tablet daily
380,Amoxycillin 125mg Oral Suspension,125mg,Constipation,Amoxycillin (125mg),Yes,"As directed, sip slowly"
381,Advanced LCF Kid Expectorant,15mg/5ml,Sleepiness,Ambroxol (15mg/5ml) ,Yes,1 tablet after meals
382,Amitryn 10 Tablet,10mg,Conjunctival hemorrhage,Amitriptyline (10mg),No,1 tablet daily
383,Amtas-AT Tablet,5mg,Akathisia (inability to stay still),Amlodipine (5mg) ,No,1 tablet daily
384,Accentrix Solution for Injection,10mg/ml,Stomach pain,Ranibizumab (10mg/ml),Yes,1 tablet daily for 3 days
385,Arpizol 10 Tablet,10mg,Nausea,Aripiprazole (10mg),No,1 tablet at night
386,Alkasol Oral Solution,,Increased bleeding tendency,Disodium Hydrogen Citrate (1.4gm/5ml),Yes,1 tablet every 6 hrs
387,Aldactone 100 Tablet,100mg,Nausea,Spironolactone (100mg),Yes,1 tablet daily
388,Aztogold 20 Capsule,75mg,Nausea,Aspirin (75mg) ,Yes,1 tablet after meals
389,Addna Tablet,1gm,Nausea,Sodium Chloride (1gm),No,1 tablet before meals
390,Amtas-M 50 Tablet PR,5mg,Stomach pain,Amlodipine (5mg) ,Yes,1 tablet daily for 3 days
391,Akilos-P Tablet,100mg,Bleeding,Aceclofenac (100mg) ,Yes,1 capsule every 8 hrs
392,Avas CV 10 Capsule,10mg,Nausea,Atorvastatin (10mg) ,Yes,1 tablet after meals
393,Actilyse 50mg Injection,50mg,Sleepiness,Alteplase (50mg),No,1 capsule every 8 hrs
394,Acceclowoc-SP Tablet,100mg,Sleepiness,Aceclofenac (100mg) ,Yes,1 tablet daily
395,Amodep AT Tablet,5mg,Burning sensation,Amlodipine (5mg) ,Yes,1 tablet before meals
396,Amlopres AT 25 Tablet,5mg,Nausea,Amlodipine (5mg) ,No,1 tablet daily for 3 days
397,Acular LS Ophthalmic Solution,,Nausea,Ketorolac (0.4% w/v),Yes,1 tablet every 8 hrs
398,Anxipan Capsule,10mg,Vomiting,Amitriptyline (10mg) ,Yes,1 tablet at night
399,Advent 91.4mg Drops Tangy Orange,80mg,Nausea,Amoxycillin  (80mg) ,Yes,1 tablet at night
400,Azee XL 200mg Dry Syrup Peppermint,200mg/5ml,Vomiting,Azithromycin (200mg/5ml),No,1 tablet daily
401,Abevia 100 Capsule,100mg,Nausea,Acebrophylline (100mg),Yes,1 tablet daily
402,Alex Oral Drops Orange,1mg/ml,Nausea,Chlorpheniramine Maleate (1mg/ml) ,Yes,"As directed, sip slowly"
403,Amoxyclav DS Syrup,400mg/5ml,Burning sensation,Amoxycillin  (400mg/5ml) ,Yes,As prescribed by doctor
404,Alcoliv Tablet,500mg,Nausea,Metadoxine (500mg),Yes,1 tablet at night
405,Anosum Cream,,Diarrhea,Lidocaine (4% w/w) ,No,1 tablet daily for 3 days
406,Amlovas-M 5/50 Tablet PR,5mg,Sleepiness,Amlodipine (5mg) ,No,As prescribed by doctor
407,Alkamax MB Alkamax MB6 Oral Solution,1100mg/5ml,Dizziness,Potassium Citrate (1100mg/5ml) ,Yes,As prescribed by doctor
408,Amlosafe TM 40 Tablet,40mg,Nausea,Telmisartan (40mg) ,No,1 tablet daily
409,Apetamin Syrup,2mg/5ml,Nausea,Cyproheptadine (2mg/5ml),Yes,1 tablet every 6 hrs
410,Aceflam P 100mg/325mg Tablet,100mg,Headache,Aceclofenac (100mg) ,Yes,1 tablet every 8 hrs
411,Ascovent -SR Tablet,200mg,Burning eyes,Acebrophylline (200mg),Yes,1 tablet every 6 hrs
412,Amaryl 3mg Tablet,3mg,Skin peeling,Glimepiride (3mg),No,"As directed, sip slowly"
413,Acotrust  Tablet,100mg,Stinging sensation,Acotiamide (100mg),Yes,As prescribed by doctor
414,Acupat Ophthalmic Solution,,Rash,Ketorolac (0.4% w/v) ,Yes,1 tablet daily
415,Arcolane 2% Scalp Solution,,Decreased appetite,Ketoconazole (2% w/v),Yes,1 tablet before meals
416,Atropine 1% Eye Drop,,Limited data available,Atropine (1% w/v),Yes,As prescribed by doctor
417,Amyclox-LB Capsule,250mg,Sleepiness,Amoxycillin (250mg) ,Yes,1 tablet daily
418,Alamin Injection,,Constipation,Methylcobalamin (NA),Yes,As prescribed by doctor
419,Aquim PF Eye Drop,,Nausea,Sodium Hyaluronate (0.18% w/v),Yes,1 tablet daily for 3 days
420,Arbitel-AM Tablet,40mg,Taste change,Telmisartan (40mg) ,Yes,"As directed, sip slowly"
421,Aprecap 125/80 Capsule,125mg,Nausea,Aprepitant (125mg) ,Yes,"As directed, sip slowly"
422,AB Phylline Syrup,10mg/ml,Nausea,Acebrophylline (10mg/ml),No,1 tablet every 6 hrs
423,Azeflo FT Nasal Spray,,Nausea,Fluticasone Propionate (27.5mcg) ,Yes,1 tablet every 6 hrs
424,Atorva F Tablet,10mg,Vomiting,Atorvastatin (10mg) ,No,1 capsule every 8 hrs
425,Amicline Plus Tablet,250mg,Nausea,Ornidazole (250mg) ,Yes,"As directed, sip slowly"
426,Acimol MR 100mg/325mg/250mg Tablet,100mg,Diarrhea,Aceclofenac (100mg) ,Yes,1 tablet every 6 hrs
427,Abiways Tablet,100mg,Headache,Acebrophylline (100mg) ,Yes,1 tablet at night
428,Asthakind Tablet,100mg,Rash,Guaifenesin (100mg) ,Yes,1 capsule every 8 hrs
429,Aprezo 10 Tablet,10mg,Nausea,Apremilast (10mg),Yes,1 tablet before meals
430,Air 120 Tablet,120mg,Sleepiness,Fexofenadine (120mg),Yes,1 tablet daily
431,Amoxycillin  250mg Capsule,250mg,Headache,Amoxycillin (250mg),No,1 tablet before meals
432,Acenac SP 100mg/325mg/15mg Tablet,100mg,Tremors,Aceclofenac (100mg) ,Yes,1 tablet daily
433,Aginal-AT Tablet,5mg,Akathisia (inability to stay still),Amlodipine (5mg) ,Yes,1 tablet daily for 3 days
434,Allrite DC Tablet ER,5mg,Sleepiness,Levocetirizine (5mg) ,Yes,As prescribed by doctor
435,Asthalin 2 Tablet,2mg,Increased calcium level in blood,Salbutamol (2mg),No,1 tablet every 8 hrs
436,Arip MT 2 Tablet,2mg,Constipation,Aripiprazole (2mg),No,"As directed, sip slowly"
437,Alcet 5mg Tablet,5mg,Hypoglycemia (low blood glucose level),Levocetirizine (5mg),Yes,As prescribed by doctor
438,Aplazar Tablet,200mg,Nausea,Alpha Ketoanalogue (200mg),Yes,1 tablet at night
439,Amicon 10 Tablet,10mg,Vomiting,Amitriptyline (10mg),No,1 tablet before meals
440,Amaryl M Forte 1mg Tablet PR,1mg,Vomiting,Glimepiride (1mg) ,Yes,1 tablet daily
441,Amicline Tablet,500mg,Hypoglycemia (low blood glucose level),Diloxanide (500mg),Yes,1 tablet at night
442,Acivir IV Injection,25mg/ml,Nausea,Acyclovir (25mg/ml),No,As prescribed by doctor
443,ATM 200 Oral Suspension,200mg/5ml,Constipation,Azithromycin (200mg/5ml),Yes,1 tablet at night
444,Apidra Solostar 100IU/ml Injection,,Sedation,Insulin Glulisine (100IU/ml),Yes,1 tablet after meals
445,AB2 Kit,200mg,Hypoglycemia (low blood glucose level),Mifepristone (200mg) ,Yes,1 tablet every 6 hrs
446,Amitryn 10 Tablet,10mg,Sleepiness,Amitriptyline (10mg),No,1 tablet every 8 hrs
447,Atarax 25mg Injection,25mg,Dizziness,Hydroxyzine (25mg),Yes,1 tablet every 8 hrs
448,Afoglip M  500 Tablet ER,500mg,Vomiting,Metformin (500mg) ,Yes,1 tablet after meals
449,Amlozaar Tablet,50mg,Rash,Losartan (50mg) ,No,1 tablet after meals
450,Abel 40 Tablet,40mg,Tachycardia,Azilsartan medoxomil (40mg),Yes,1 capsule every 8 hrs
451,Acolate Plus Tablet,5mg,Nausea,Levocetirizine (5mg) ,Yes,1 capsule every 8 hrs
452,Ampilox DS Tablet,500mg,Tachycardia,Ampicillin (500mg) ,No,1 tablet daily
453,Asthalin Rotacaps,,Dyspepsia,Salbutamol (200mcg),Yes,As prescribed by doctor
454,Asthalin DX Syrup,5mg,Rash,Phenylephrine (5mg) ,Yes,1 capsule every 8 hrs
455,Asthalin Rotacaps,,Headache,Salbutamol (200mcg),Yes,1 capsule every 8 hrs
456,Atorlip 20 Tablet,20mg,Skin rash,Atorvastatin (20mg),Yes,As prescribed by doctor
457,Altacef 500 Tablet,500mg,Confusion,Cefuroxime (500mg),Yes,"As directed, sip slowly"
458,Amlokind 2.5 Tablet,2.5mg,Nausea,Amlodipine (2.5mg),No,1 tablet before meals
459,Ambistryn-S 0.75gm Injection,0.75gm,Nausea,Streptomycin (0.75gm),No,1 tablet daily
460,Ambulax-ET Tablet,0.5mg,Hypoglycemia (low blood glucose level),Etizolam (0.5mg) ,No,"As directed, sip slowly"
461,Acceclowoc-P Tablet,100mg,Constipation,Aceclofenac (100mg) ,Yes,1 tablet every 6 hrs
462,Alprax Forte 0.5 mg/50 mg Tablet,0.5mg,Erythema (skin redness),Alprazolam (0.5mg) ,Yes,1 tablet daily for 3 days
463,Alsita-M 100 Tablet ER,100mg,Sleepiness,Sitagliptin  (100mg) ,Yes,1 tablet before meals
464,Axogurd NT Tablet SR,75mg,"Application site reactions (burning, irritation, itching and redness)",Pregabalin (75mg) ,Yes,"As directed, sip slowly"
465,Aclind BP 2.5% Gel,,Nausea,Benzoyl Peroxide (2.5% w/w) ,No,1 tablet after meals
466,Anxiset 0.5 Tablet,0.5mg,Vomiting,Flupenthixol (0.5mg),Yes,1 tablet after meals
467,Atonide-H Cream,,Nausea,Hydrocortisone (1% w/w),Yes,As prescribed by doctor
468,Aldonil Tablet,50mg,Vomiting,Epalrestat (50mg),Yes,As prescribed by doctor
469,Anticold  Tablet,,Dyspepsia,Chlorpheniramine Maleate (NA) ,Yes,1 capsule every 8 hrs
470,Alcros 100 Capsule,100mg,Vomiting,Itraconazole (100mg),No,1 tablet every 6 hrs
471,Azibact 200 Readymix Oral Suspension,200mg/5ml,Rash,Azithromycin (200mg/5ml),Yes,1 tablet daily
472,Atchol 20 Tablet,20mg,Erythema (skin redness),Atorvastatin (20mg),No,1 tablet before meals
473,Azibest 500mg Tablet,500mg,"Flushing (sense of warmth in the face, ears, neck and trunk)",Azithromycin (500mg),No,1 tablet every 6 hrs
474,Amoxy 500mg Capsule,500mg,Nausea,Amoxycillin (500mg),Yes,1 tablet daily
475,A-Ret 0.05% Gel,,Hypoglycemia (low blood glucose level),Tretinoin (0.05% w/w),Yes,1 tablet before meals
476,Adenosine 3mg Injection,3mg,Glucose intolerance,Adenosine (3mg),No,1 tablet daily
477,Ascoril Plus Tablet,100mg,"Application site reactions (burning, irritation, itching and redness)",Guaifenesin (100mg) ,No,As prescribed by doctor
478,Azulix 2 MF Forte Tablet PR,2mg,Nausea,Glimepiride (2mg) ,Yes,1 capsule every 8 hrs
479,Amlokind-H Tablet,5mg,Nausea,Amlodipine (5mg) ,Yes,1 tablet after meals
480,Aziderm 10% Gel,,Headache,Azelaic Acid (10% w/w),Yes,1 tablet after meals
481,Amlopin-M Tablet PR,5mg,Headache,Amlodipine (5mg) ,Yes,"As directed, sip slowly"
482,Ascodex Junior Syrup,5mg/5ml,Dyspepsia,Phenylephrine (5mg/5ml) ,Yes,1 tablet every 6 hrs
483,Alevo 500 Tablet,500mg,Nausea,Levofloxacin (500mg),Yes,As prescribed by doctor
484,Avanair 200 Tablet,200mg,Constipation,Avanafil (200mg),No,1 tablet daily for 3 days
485,Atorlip 40 Tablet,40mg,Hot flushes,Atorvastatin (40mg),Yes,1 tablet after meals
486,Anafortan-MF 50mg/250mg Tablet,50mg,Upset stomach,Camylofin (50mg) ,No,1 tablet every 6 hrs
487,Amitriptyline Hcl 25mg Tablet,25mg,Excessive salivation,Amitriptyline (25mg),Yes,1 tablet at night
488,Aqsusten  25 Solution for Injection,25mg,Vomiting,Progesterone (Natural Micronized) (25mg),Yes,As prescribed by doctor
489,Amicet 5 mg/60 mg Tablet,5mg,Nausea,Levocetirizine (5mg) ,Yes,1 tablet daily
490,Amrox Junior Syrup,15mg/5ml,Skin peeling,Ambroxol (15mg/5ml) ,Yes,1 tablet every 6 hrs
491,ATM 250 Tablet,250mg,Bruise,Azithromycin (250mg),Yes,1 tablet daily for 3 days
492,Anawin Heavy 5mg Injection,5mg,Nausea,Bupivacaine (5mg),Yes,1 capsule every 8 hrs
493,Adaple-C Gel,,Ankle swelling,Adapalene (0.1% w/w) ,No,1 capsule every 8 hrs
494,Aravon Injection,1.5mg,Skin peeling,Edaravone (1.5mg),Yes,1 tablet before meals
495,Akilos-SP Tablet,100mg,Nausea,Aceclofenac (100mg) ,No,1 tablet after meals
496,Amlozaar-H Tablet,50mg,Vomiting,Losartan (50mg) ,Yes,1 tablet daily for 3 days
497,Alight Plus Gel,,Headache,Adapalene (0.1% w/w) ,Yes,1 tablet daily for 3 days
498,Anaspas 25mg Injection,25mg,Headache,Camylofin (25mg) ,Yes,1 capsule every 8 hrs
499,Azibact LR 100 Readymix,100mg/5ml,Vomiting,Azithromycin (100mg/5ml),Yes,1 tablet after meals
500,Aquazide 25 Tablet,25mg,Decreased vision,Hydrochlorothiazide (25mg),No,"As directed, sip slowly"
501,Amlodac 2.5 Tablet,2.5mg,Nausea,Amlodipine (2.5mg),Yes,1 tablet after meals
502,Amoxclav 500 mg/125 mg Tablet,500mg,Nausea,Amoxycillin  (500mg) ,Yes,1 tablet every 6 hrs
503,Amplinak Opthalmic Suspension,,Muscle pain,Nepafenac (0.1% w/v),No,1 capsule every 8 hrs
504,Aplevant 1.5mg Pre-filled Pen (0.5ml Each),1.5mg,Vomiting,Dulaglutide (1.5mg),No,"As directed, sip slowly"
505,Ambrodil-XP Syrup,50mg/5ml,Itching,Acebrophylline (50mg/5ml),No,1 capsule every 8 hrs
506,Arvast 10 Tablet,10mg,Nausea,Rosuvastatin (10mg),Yes,1 tablet at night
507,Ascoril Flu Drops,1mg/ml,Limited data available,Chlorpheniramine Maleate (1mg/ml) ,Yes,As prescribed by doctor
508,Atharv Healthcare Minrav 5 Minoxidil 5% Topical Solution,,Nausea,Minoxidil (5% w/v),Yes,1 tablet at night
509,Amoxyclav Oral Suspension,200mg,Gastrointestinal disturbance,Amoxycillin  (200mg) ,No,1 tablet every 8 hrs
510,Ata Mont 20mg/10mg Tablet,20mg,Blurred vision,Bilastine (20mg) ,Yes,1 tablet every 8 hrs
511,Acimol 100 mg/325 mg Tablet,100mg,Rash,Aceclofenac (100mg) ,Yes,1 tablet every 6 hrs
512,Antidep 25mg Tablet,25mg,Vomiting,Imipramine (25mg),No,"As directed, sip slowly"
513,Artificial Tears BP Eye Drop,,Nausea,Hydroxypropylmethylcellulose (0.3% w/v),Yes,1 tablet every 6 hrs
514,Almox 250 mg Tablet DT,250mg,High blood pressure,Amoxycillin (250mg),No,As prescribed by doctor
515,Azicip 250 Tablet,250mg,Skin peeling,Azithromycin (250mg),Yes,1 tablet every 6 hrs
516,Augpen HS 200 mg/28.5 mg Suspension,200mg,Nausea,Amoxycillin  (200mg) ,Yes,As prescribed by doctor
517,Anfoe 10000IU Injection,,Vomiting,Recombinant Human Erythropoietin Alfa (10000IU),Yes,1 tablet after meals
518,Acnovate Gel,,Headache,Adapalene (0.1% w/w) ,Yes,1 tablet every 8 hrs
519,Ampoxin 250 Capsule,125mg,Nausea,Ampicillin (125mg) ,Yes,1 tablet before meals
520,Azibact LR Readymix 200,200mg/5ml,Dyspepsia,Azithromycin (200mg/5ml),No,1 tablet at night
521,Avanext 100mg Tablet,100mg,Nausea,Avanafil (100mg),Yes,1 tablet daily
522,Anti-Thyrox 10 Tablet,10mg,No common side effects seen,Carbimazole (10mg),Yes,1 tablet every 6 hrs
523,Aztor 80 Tablet,80mg,Akathisia (inability to stay still),Atorvastatin (80mg),Yes,1 tablet after meals
524,Akair LC Tablet,5mg,Sleepiness,Levocetirizine (5mg) ,Yes,1 tablet daily
525,Azulix 1 Tablet,1mg,No common side effects seen,Glimepiride (1mg),Yes,"As directed, sip slowly"
526,Astymin-SN Infusion,5.6mg,Headache,L-Leucine (5.6mg) ,No,1 tablet before meals
527,Asprito 2 Tablet,2mg,Glucose intolerance,Aripiprazole (2mg),Yes,1 tablet at night
528,Asomex-AT Tablet,2.5mg,Headache,Amlodipine (2.5mg) ,Yes,1 tablet before meals
529,Anabel-CT Gel,,Stomach cramp,Choline Salicylate (8.7% w/w) ,Yes,As prescribed by doctor
530,Amlovas 2.5 Tablet,2.5mg,Erythema (skin redness),Amlodipine (2.5mg),Yes,1 capsule every 8 hrs
531,Amlovas H  Tablet,5mg,Headache,Amlodipine (5mg) ,Yes,1 tablet every 6 hrs
532,Amodep 5 Tablet,5mg,Dyspepsia,Amlodipine (5mg),Yes,"As directed, sip slowly"
533,Acidose 500mg Tablet,500mg,"Application site reactions (burning, irritation, itching and redness)",Sodium Bicarbonate (500mg),Yes,As prescribed by doctor
534,AB-Next Gel,,Nausea,Adapalene (0.1% w/w) ,Yes,"As directed, sip slowly"
535,Actapro Tablet,100mg,"Application site reactions (burning, irritation, itching and redness)",Acotiamide (100mg),No,1 tablet every 6 hrs
536,Avas 20 Tablet,20mg,Nausea,Atorvastatin (20mg),Yes,1 tablet daily
537,Aqua Ear Drop,,Delayed ejaculation,Lidocaine (2% w/v) ,No,As prescribed by doctor
538,Arflur-P Tablet,100mg,Increased bleeding tendency,Aceclofenac (100mg) ,Yes,1 tablet at night
539,Acnesol 1% solution,,Bronchitis (inflammation of the airways),Clindamycin (1% w/v),Yes,1 tablet daily for 3 days
540,Antiflu 12mg/ml Syrup,12mg/ml,Eye irritation,Oseltamivir Phosphate (12mg/ml),Yes,1 tablet daily for 3 days
541,Asiclopam Tablet,0.5mg,Nausea,Clonazepam (0.5mg) ,Yes,1 tablet every 6 hrs
542,Atorlip Gold 20 Capsule,75mg,Vomiting,Aspirin (75mg) ,Yes,1 tablet daily
543,Amrox-LS Junior Syrup,0.5mg,Erythema (skin redness),Levosalbutamol (0.5mg) ,Yes,1 tablet every 8 hrs
544,Alcarex Eye Drop,,Dizziness,Alcaftadine (0.25% w/v),Yes,"As directed, sip slowly"
545,Amantex Tablet,100mg,"Application site reactions (burning, irritation, itching and redness)",Amantadine (100mg),Yes,1 tablet daily for 3 days
546,Acenac Tablet,100mg,Headache,Aceclofenac (100mg),Yes,1 tablet before meals
547,Adapen Gel,,Confusion,Adapalene (0.1% w/w),No,1 tablet before meals
548,Almefkem Spas 10mg/250mg Tablet,10mg,Nausea,Dicyclomine (10mg) ,Yes,1 tablet every 6 hrs
549,Atonide Cream,,Abdominal pain,Desonide (0.05% w/w),Yes,"As directed, sip slowly"
550,Amcard 5 Tablet,5mg,Fatigue,Amlodipine (5mg),Yes,"As directed, sip slowly"
551,AVENE (ABBOTT) 0.5mg/10mg Tablet,0.5mg,"Application site reactions (burning, irritation, itching and redness)",Clonazepam (0.5mg) ,Yes,"As directed, sip slowly"
552,Albutamol Neo Syrup,50mg,Bleeding,Etofylline (50mg) ,Yes,"As directed, sip slowly"
553,Atchol-ASP Capsule,10mg,Vomiting,Atorvastatin (10mg) ,No,1 tablet daily for 3 days
554,Arbitel-H Tablet,40mg,No common side effects seen,Telmisartan (40mg) ,Yes,1 tablet at night
555,Aziderm 15% Gel,,Ankle swelling,Azelaic Acid (15% w/w),Yes,1 tablet every 6 hrs
556,Axcer  60mg Tablet,60mg,Headache,Ticagrelor (60mg),Yes,1 tablet daily for 3 days
557,Abiways-M Tablet SR,200mg,Hot flashes,Acebrophylline (200mg) ,Yes,As prescribed by doctor
558,Astymin-3  10mg/8mg Infusion,10mg,Nausea,Glycine (10mg) ,Yes,1 tablet every 6 hrs
559,Amlopres L Tablet,5mg,Nausea,Amlodipine (5mg) ,Yes,1 tablet daily for 3 days
560,Amifru Plus Tablet,10mg,Headache,Torasemide (10mg) ,Yes,1 capsule every 8 hrs
561,Armotraz Tablet,1mg,"Application site reactions (burning, irritation, itching and redness)",Anastrozole (1mg),Yes,As prescribed by doctor
562,Aldigesic TH 100mg/4mg Tablet,100mg,Increased blood urea,Aceclofenac (100mg) ,No,1 tablet daily for 3 days
563,Abixim 200mg Tablet,200mg,Vomiting,Cefixime (200mg),No,1 tablet daily
564,Arbitel-MT 50 Tablet ER,40mg,Nausea,Telmisartan (40mg) ,Yes,1 tablet every 6 hrs
565,Aziderm 20% Gel,,Headache,Azelaic Acid (20% w/w),Yes,"As directed, sip slowly"
566,Amiject 500mg Injection,500mg,Vomiting,Amikacin (500mg),Yes,"As directed, sip slowly"
567,Azikem 250mg Tablet,250mg,Nausea,Azithromycin (250mg),Yes,1 tablet at night
568,Aten-D Tablet,50mg,Nausea,Atenolol (50mg) ,Yes,1 tablet at night
569,Altonil 5 Tablet MD,5mg,Nasopharyngitis (inflammation of the throat and nasal passages),Melatonin (5mg),Yes,1 tablet before meals
570,Azipro 500 Tablet,500mg,Headache,Azithromycin (500mg),Yes,1 tablet after meals
571,Addphos Granules,1.936gm,Conjunctivitis,Sodium acid phosphate (1.936gm),Yes,As prescribed by doctor
572,Alkof LS Syrup,5mg,Nausea,Cetirizine (5mg) ,Yes,"As directed, sip slowly"
573,Alsita 50mg Tablet,50mg,Skin peeling,Sitagliptin (50mg),No,1 tablet daily for 3 days
574,Amlip 10 Tablet,10mg,Dyspepsia,Amlodipine (10mg),Yes,1 tablet after meals
575,Apdrops KT 0.4 Eye Drops BAK Free,,Headache,Ketorolac (0.4% w/v) ,Yes,1 tablet every 8 hrs
576,Acimol Forte 100mg/325mg/15mg Tablet,100mg,Diarrhea,Aceclofenac (100mg) ,No,1 tablet before meals
577,Acnetor AD Gel,,Nausea,Adapalene (0.1% w/w) ,Yes,1 tablet daily for 3 days
578,Atocor 40 Tablet,40mg,Increased blood urea,Atorvastatin (40mg),Yes,1 tablet daily for 3 days
579,Angicam 5mg Tablet,5mg,Abdominal pain,Amlodipine (5mg),Yes,"As directed, sip slowly"
580,Aprezo 20 Tablet,20mg,Increased bleeding tendency,Apremilast (20mg),Yes,1 tablet after meals
581,Asthakind-DX Syrup Sugar Free,5mg/5ml,Vomiting,Phenylephrine (5mg/5ml) ,Yes,"As directed, sip slowly"
582,Amitax 500mg Injection,500mg,Nausea,Amikacin (500mg),Yes,1 capsule every 8 hrs
583,Actibile 150 Tablet,150mg,Hypoglycemia (low blood glucose level),Ursodeoxycholic Acid (150mg),Yes,1 tablet at night
584,Atorva Gold 20 Capsule,75mg,Vomiting,Aspirin (75mg) ,Yes,1 tablet every 6 hrs
585,Allercet Cold Syrup,2mg/5ml,Headache,Chlorpheniramine Maleate (2mg/5ml) ,Yes,1 tablet daily for 3 days
586,Alzero M Tablet,5mg,Dizziness,Levocetirizine (5mg) ,No,As prescribed by doctor
587,Azulix 1 MF Forte Tablet PR,1mg,Diarrhea,Glimepiride (1mg) ,No,1 capsule every 8 hrs
588,Azimax 250 Tablet,250mg,Dryness in mouth,Azithromycin (250mg),Yes,1 tablet at night
589,Aloja 25 Tablet,25mg,Dyspepsia,Alogliptin (25mg),Yes,1 tablet every 8 hrs
590,Arbitel-CT 40 Tablet,40mg,Nausea,Telmisartan (40mg) ,Yes,"As directed, sip slowly"
591,Anthocyn-TX Tablet,250mg,Dyspepsia,Tranexamic Acid (250mg) ,Yes,1 tablet every 6 hrs
592,Actoid 25mg Capsule,25mg,Vomiting,Acitretin (25mg),Yes,1 tablet every 8 hrs
593,Atocor 10 Tablet,10mg,Rectal bleeding,Atorvastatin (10mg),Yes,1 tablet every 6 hrs
594,Ascoril Plus LS Expectorant,30mg/5ml,Dryness in mouth,Ambroxol (30mg/5ml) ,Yes,As prescribed by doctor
595,Azulix 2 Tablet,2mg,Constipation,Glimepiride (2mg),No,As prescribed by doctor
596,Aztor 5 Tablet,5mg,Headache,Atorvastatin (5mg),Yes,1 capsule every 8 hrs
597,Aziwok 250 Tablet,250mg,Vomiting,Azithromycin (250mg),Yes,"As directed, sip slowly"
598,Avastin 100mg Injection,100mg,Allergic reaction,Bevacizumab (100mg),Yes,1 tablet at night
599,Acitrin 25mg Capsule,25mg,"Injection site reactions (pain, swelling, redness)",Acitretin (25mg),Yes,1 tablet daily for 3 days
600,Antiblue 10mg Tablet,10mg,Nausea,Amitriptyline (10mg),No,1 tablet before meals
601,Arpimune ME 50mg Capsule,50mg,Sleepiness,Ciclosporin (50mg),Yes,"As directed, sip slowly"
602,Azithral Tablet,250mg,Vomiting,Azithromycin (250mg),Yes,1 capsule every 8 hrs
603,Ampiclox 250mg/250mg Tablet,250mg,Diarrhea,Ampicillin (250mg) ,Yes,As prescribed by doctor
604,Analiv 500 Tablet,500mg,Blisters on skin,L-Ornithine L-Aspartate (500mg),Yes,1 tablet every 8 hrs
605,Actifed 25 mg/2.5 mg Tablet,25mg,Irritation,Pseudoephedrine (25mg) ,Yes,1 tablet at night
606,Amlong A-25 Tablet,5mg,Sinus inflammation,Amlodipine (5mg) ,Yes,1 tablet daily
607,Azibact 250 Tablet,250mg,Sedation,Azithromycin (250mg),Yes,As prescribed by doctor
608,Alendrate 70mg Tablet,70mg,Nausea,Alendronic Acid (70mg),Yes,1 tablet every 6 hrs
609,Amrosys Cream,,Dyspepsia,Amorolfine (0.25% w/w),No,As prescribed by doctor
610,Aminophylline 250mg Injection,25mg/ml,Blurred vision,Aminophylline (25mg/ml),No,1 tablet after meals
611,Ambrican 5 Tablet,5mg,Bitter taste,Ambrisentan (5mg),Yes,As prescribed by doctor
612,Arkamin H Tablet,,Headache,Clonidine (100mcg) ,Yes,"As directed, sip slowly"
613,Alex-L Cough Syrup Mango Sugar Free,20mg/5ml,Nausea,Levocloperastine (20mg/5ml),Yes,1 tablet daily for 3 days
614,Atorfit 10 Tablet,10mg,Nausea,Atorvastatin (10mg),Yes,As prescribed by doctor
615,Alphagan P Eye Drop,,Constipation,Brimonidine (0.15% w/v) ,Yes,1 tablet every 8 hrs
616,Arzep Nasal Spray,,Increased bleeding tendency,Azelastine (0.1% w/v),Yes,1 tablet at night
617,Angizem CD 90 Capsule ER,90mg,Headache,Diltiazem (90mg),Yes,1 tablet daily
618,Azovas 16mg Tablet,16mg,Nausea,Azelnidipine (16mg),Yes,1 tablet at night
619,Advent 457mg Tablet DT,400mg,Sleepiness,Amoxycillin  (400mg) ,No,1 tablet daily for 3 days
620,Alcros 200 Capsule,200mg,Vomiting,Itraconazole (200mg),Yes,1 tablet every 6 hrs
621,Amixide Tablet,25mg,Constipation,Amitriptyline (25mg) ,Yes,1 tablet at night
622,Aztogold 10 Capsule,75mg,Nausea,Aspirin (75mg) ,No,"As directed, sip slowly"
623,Alcoban 500mg Tablet,500mg,Dizziness,Disulfiram (500mg),Yes,1 tablet every 6 hrs
624,Arvast-A 75 Capsule,10mg,Nausea,Rosuvastatin (10mg) ,Yes,1 tablet every 8 hrs
625,Amlopin-AT Tablet,5mg,Nausea,Amlodipine (5mg) ,Yes,1 tablet after meals
626,Azilab 500mg Tablet,500mg,Headache,Azithromycin (500mg),No,"As directed, sip slowly"
627,Amnuring 10 Tablet SR,10mg,Dyspepsia,Amitriptyline (10mg) ,Yes,1 tablet at night
628,Ablung 200mg Tablet SR,200mg,Constipation,Acebrophylline (200mg),Yes,1 tablet after meals
629,Azusa 16 Tablet,16mg,Nausea,Azelnidipine (16mg),Yes,1 tablet every 6 hrs
630,Afoglip Tablet,20mg,Nausea,Teneligliptin (20mg),No,As prescribed by doctor
631,Acefen SP Tablet,100mg,Headache,Aceclofenac (100mg) ,No,1 tablet every 6 hrs
632,Aceclopar 100mg/325mg Tablet,100mg,Headache,Aceclofenac (100mg) ,Yes,1 tablet daily for 3 days
633,Acotrust  OD 300mg Tablet ER,300mg,Headache,Acotiamide (300mg),Yes,1 tablet daily for 3 days
634,Avas 40 Tablet,40mg,Blurred vision,Atorvastatin (40mg),No,1 tablet daily
635,Acegaba NT 400mg/10mg Tablet,400mg,"Injection site reactions (pain, swelling, redness)",Gabapentin (400mg) ,Yes,1 tablet at night
636,Alerid Cold Tablet,5mg,Vomiting,Cetirizine (5mg) ,Yes,1 tablet before meals
637,Acolate Tablet,30mg,Blisters on skin,Caffeine (30mg) ,Yes,1 tablet every 6 hrs
638,Antoxid E Softgel Capsule,400mg,Headache,Vitamin E (400mg),Yes,"As directed, sip slowly"
639,Agoprex Tablet,25mg,Nausea,Agomelatine (25mg),No,1 tablet at night
640,Amlip 2.5 Tablet,2.5mg,Nausea,Amlodipine (2.5mg),No,1 tablet every 8 hrs
641,Alnitro 2.6 Tablet CR,2.6mg,Nausea,Nitroglycerin (2.6mg),Yes,1 tablet before meals
642,Alkem Piroxicam Injection,20mg,Dyspepsia,Piroxicam (20mg),Yes,1 tablet daily for 3 days
643,Azithral Junior 200mg/5ml Drop,200mg/5ml,Headache,Azithromycin (200mg/5ml),Yes,"As directed, sip slowly"
644,Amtris Cream,,Nausea,Amorolfine (0.25% w/w),Yes,1 tablet daily for 3 days
645,AF 300 Tablet,300mg,Nausea,Fluconazole (300mg),Yes,1 tablet before meals
646,Alaspan AG Syrup,5mg/5ml,"Injection site reactions (pain, swelling, redness)",Loratadine (5mg/5ml) ,No,1 tablet daily
647,Asthalin AX JR Expectorant,15mg,Rash,Ambroxol (15mg) ,Yes,1 tablet daily
648,Abiways 200 SR Tablet,200mg,Dryness in mouth,Acebrophylline (200mg),No,1 tablet every 8 hrs
649,Atorva 5 Tablet,5mg,Stomach pain,Atorvastatin (5mg),Yes,1 tablet before meals
650,Ambizyme 300mg Tablet,300mg,Nausea,Hydroxyquinolines (300mg),Yes,1 tablet at night
651,Acegrow 3D Tablet,10mg,"Injection site reactions (pain, swelling, redness)",Montelukast (10mg) ,Yes,1 tablet after meals
652,Alerfri Tablet,2mg,Nausea,Chlorpheniramine Maleate (2mg) ,Yes,1 tablet daily
653,Azee 500 Injection,500mg,Nausea,Azithromycin (500mg),Yes,"As directed, sip slowly"
654,Azenam 1gm Injection,1gm,Constipation,Aztreonam (1gm),Yes,1 tablet before meals
655,Aceret 25 Capsule,25mg,Nausea,Acitretin (25mg),Yes,1 tablet daily for 3 days
656,Alkarate Liquid,,Sedation,Disodium Hydrogen Citrate (1.37gm/5ml),Yes,"As directed, sip slowly"
657,Alprax Plus Tablet SR,0.5mg,Increased bleeding tendency,Alprazolam (0.5mg) ,No,1 tablet daily
658,Arachitol 3L Injection,,Sleepiness,Vitamin D3 (300000IU),Yes,1 tablet before meals
659,Alex Junior DS Syrup,5mg/5ml,Hypoglycemia (low blood glucose level),Phenylephrine (5mg/5ml) ,Yes,"As directed, sip slowly"
660,Amtas-M 25 Tablet PR,5mg,Diarrhea,Amlodipine (5mg) ,Yes,1 tablet at night
661,Anset 4mg Tablet MD,4mg,"Injection site reactions (pain, swelling, redness)",Ondansetron (4mg),Yes,1 tablet daily
662,Acecloren Tablet,100mg,Allergic reaction,Aceclofenac (100mg) ,Yes,1 tablet every 8 hrs
663,Atraxin 25 Tablet,25mg,Heartburn,Hydroxyzine (25mg),Yes,1 tablet every 8 hrs
664,Atorva Gold 10 Capsule,75mg,Dark colored urine,Aspirin (75mg) ,Yes,1 capsule every 8 hrs
665,Amlong-TL 40 Tablet,40mg,Stomach pain,Telmisartan (40mg) ,Yes,1 tablet daily for 3 days
666,Apidra 100IU/ml Solution for Injection,,Diarrhea,Insulin Glulisine (100IU),Yes,1 tablet after meals
667,Apraize 30 Tablet,30mg,Nausea,Apremilast (30mg),No,1 tablet every 6 hrs
668,Azithral 500mg Injection,500mg,Increased bleeding tendency,Azithromycin (500mg),Yes,1 tablet every 6 hrs
669,Ampoxin 1gm Injection,500mg,Headache,Ampicillin (500mg) ,Yes,1 tablet daily
670,Aspirin 300mg Tablet,300mg,Nausea,Aspirin (300mg),No,1 tablet after meals
671,Akurit Tablet,150mg,Stomach pain,Rifampicin (150mg) ,No,1 capsule every 8 hrs
672,Agna 10000 Capsule DR,170mg,Headache,Pancreatin (170mg),Yes,1 tablet at night
673,Alkashot B6 Oral Solution Delicious Pineapple Sugar Free,1100mg/5ml,Nausea,Potassium Citrate (1100mg/5ml) ,Yes,1 tablet at night
674,Ascoril Plus Expectorant Ginger Lemon,2mg/5ml,Tremors,Bromhexine (2mg/5ml) ,Yes,1 tablet before meals
675,Atormac Gold 10 Capsule,75mg,Nausea,Aspirin (75mg) ,Yes,1 tablet at night
676,Altonil Plus 5 Tablet,5mg,Vomiting,Melatonin (5mg) ,Yes,"As directed, sip slowly"
677,Acimol-SP Tablet,100mg,Headache,Aceclofenac (100mg) ,No,1 tablet before meals
678,Avas CV 20 Capsule,20mg,Nausea,Atorvastatin (20mg) ,Yes,As prescribed by doctor
679,Amlopres 2.5 Tablet,2.5mg,Nausea,Amlodipine (2.5mg),Yes,1 tablet daily
680,Aceclowal P 100mg/500mg Tablet,100mg,Nausea,Aceclofenac (100mg) ,Yes,1 tablet daily for 3 days
681,Airtec FB 400 Instacap,,Dizziness,Formoterol (6mcg) ,Yes,1 tablet every 6 hrs
682,Ablung 100mg Capsule,100mg,Erythema (skin redness),Acebrophylline (100mg),No,1 tablet before meals
683,Alex Cold Syrup Berry,2mg/5ml,Arrhythmia (irregular heartbeats),Chlorpheniramine Maleate (2mg/5ml) ,Yes,1 tablet daily
684,Armod 50 Tablet,50mg,Nausea,Armodafinil (50mg),Yes,1 tablet every 6 hrs
685,Alcros SB 50 Capsule,50mg,Application site irritation,Itraconazole (50mg),Yes,1 tablet before meals
686,Ambrolite D Plus Syrup,5mg/5ml,Nausea,Phenylephrine (5mg/5ml) ,No,1 tablet every 6 hrs
687,Alkem Cold 5 mg/500 mg/5 mg Tablet,5mg,Lightheadedness,Cetirizine (5mg) ,Yes,1 tablet after meals
688,Azovas T 40 Tablet,40mg,Vomiting,Telmisartan (40mg) ,Yes,1 capsule every 8 hrs
689,A-Ret 0.025% Gel,,Nausea,Tretinoin (0.025% w/w),Yes,1 tablet before meals
690,Anafortan Drop,20mg/ml,Nausea,Camylofin (20mg/ml),No,1 tablet daily
691,Asomex-TM Tablet,2.5mg,Eye irritation,S-Amlodipine (2.5mg) ,Yes,1 tablet daily for 3 days
692,Aloatm 5% Solution,,Vomiting,Minoxidil (5% w/v) ,Yes,"As directed, sip slowly"
693,Acekay Sera Tablet,100mg,Folic acid deficiency,Aceclofenac (100mg) ,No,1 tablet daily
694,Alprax 1mg Tablet SR,1mg,Sedation,Alprazolam (1mg),Yes,1 capsule every 8 hrs
695,Amoxible-CL 625 Tablet,500mg,Injection site pain,Amoxycillin  (500mg) ,Yes,1 tablet before meals
696,Alzil-M 10 Tablet,5mg,Headache,Donepezil (5mg) ,Yes,1 tablet daily for 3 days
697,Ageless Tablet,50mg,Increased bleeding tendency,Benfotiamine (50mg) ,No,1 tablet before meals
698,Apdrops DM Eye Drop,,"Application site reactions (burning, irritation, itching and redness)",Moxifloxacin (0.5% w/v) ,Yes,1 tablet after meals
699,Agycin 500mg Tablet,500mg,Nausea,Azithromycin (500mg),Yes,1 tablet every 6 hrs
700,Aminowel Infusion,,Headache,Amino Acids (5% w/v),Yes,1 tablet daily for 3 days
701,Amnurite Beta 10/40 ER Tablet,10mg,Headache,Amitriptyline (10mg) ,No,1 tablet every 6 hrs
702,Asklerol 3% Injection,30mg,Vomiting,Polidocanol (30mg),Yes,1 tablet at night
703,Altonil 10 Tablet,10mg,Headache,Melatonin (10mg),Yes,1 tablet every 6 hrs
704,Atorlip Gold 10 Capsule,75mg,Stomach pain,Aspirin (75mg) ,Yes,1 tablet every 8 hrs
705,Anti Druf Lotion,,Increased bleeding tendency,Ketoconazole (2% w/v) ,Yes,1 tablet after meals
706,Aceloflam Plus Tablet,100mg,Headache,Aceclofenac (100mg) ,Yes,1 tablet before meals
707,Altonil Plus 10 Tablet,10mg,Nausea,Melatonin (10mg) ,Yes,"As directed, sip slowly"
708,ACTEMRA 400 MG INJECTION,400mg,Dizziness,Tocilizumab (400mg),Yes,1 tablet after meals
709,Ampilox CV 500 mg/125 mg Tablet,500mg,Nausea,Amoxycillin  (500mg) ,No,1 tablet every 8 hrs
710,Alconol 500mg Tablet,500mg,Nausea,Disulfiram (500mg),Yes,1 tablet daily
711,Atchol CV Capsule,10mg,No common side effects seen,Atorvastatin (10mg) ,Yes,1 tablet daily for 3 days
712,Atormac Gold 20 Capsule,75mg,Dyspepsia,Aspirin (75mg) ,Yes,1 tablet at night
713,Allegra 120mg Tablet,120mg,Constipation,Fexofenadine (120mg),Yes,1 tablet daily
714,Acepar 100mg/325mg Tablet,100mg,Stomach pain,Aceclofenac (100mg) ,Yes,1 tablet before meals
715,Ampanel 4 Tablet,4mg,Blisters on skin,Perampanel (4mg),Yes,1 tablet at night
716,Albutamol Syrup,,Headache,Salbutamol (NA) ,Yes,1 tablet after meals
717,Aztor EZ Tablet,10mg,Vomiting,Atorvastatin (10mg) ,Yes,1 tablet after meals
718,Alfakit Tablet,,Vomiting,Alpha Ketoanalogue (NA),Yes,1 tablet daily for 3 days
719,Atocor 20 Tablet,20mg,Dizziness,Atorvastatin (20mg),Yes,As prescribed by doctor
720,Amitryn 25 Tablet,25mg,Vomiting,Amitriptyline (25mg),No,1 tablet every 8 hrs
721,Atormac CV 20 Capsule,20mg,Nausea,Atorvastatin (20mg) ,Yes,1 tablet at night
722,Amrofast Cream,,Sleepiness,Amorolfine (0.25% w/w),Yes,1 capsule every 8 hrs
723,Arbitel-MT 25 Tablet ER,40mg,Nausea,Telmisartan (40mg) ,Yes,1 capsule every 8 hrs
724,Azithral-XL 100 Liquid,100mg/5ml,Nausea,Azithromycin (100mg/5ml),Yes,1 tablet after meals
725,Azi 500mg Tablet,500mg,Limited data available,Azithromycin (500mg),Yes,1 tablet after meals
726,Alphadopa Tablet,250mg,Vomiting,Methyldopa (250mg),Yes,1 tablet after meals
727,Abz 400mg Tablet,400mg,Ejaculation disorder,Albendazole (400mg),Yes,1 capsule every 8 hrs
728,Allerkast LC Tablet,5mg,Nausea,Levocetirizine (5mg) ,Yes,1 tablet every 8 hrs
729,Amlodac T 40 mg/5 mg Tablet,40mg,Sleepiness,Telmisartan (40mg) ,Yes,1 tablet before meals
730,Ascodex DX Syrup,4mg,Dyspepsia,Bromhexine (4mg) ,Yes,1 tablet daily for 3 days
731,Aerodil-LS Expectorant,15mg/5ml,Eye irritation,Ambroxol (15mg/5ml) ,Yes,1 tablet daily
732,Absolut DM Capsule,,"Injection site reactions (pain, swelling, redness)",Methylcobalamin (1500mcg) ,Yes,As prescribed by doctor
733,Azikind 500mg Tablet,500mg,Stomach pain,Azithromycin (500mg),No,As prescribed by doctor
734,Avoprost D 8mg/0.5mg Capsule,8mg,Constipation,Silodosin (8mg) ,Yes,1 tablet at night
735,Arbitel-AV Tablet,40mg,Dizziness,Telmisartan (40mg) ,Yes,1 tablet at night
736,Amlopres-AT Tablet,5mg,Nausea,Amlodipine (5mg) ,Yes,As prescribed by doctor
737,Atorlip 80 Tablet,80mg,"Injection site reactions (pain, swelling, redness)",Atorvastatin (80mg),Yes,1 tablet daily
738,Aquasurge  Max Eye Drop,,Headache,Carboxymethylcellulose (1% w/v),Yes,1 tablet after meals
739,Androgel,,Headache,Testosterone (1% w/w),No,As prescribed by doctor
740,Atocor-CV 10 Capsule,10mg,Nausea,Atorvastatin (10mg) ,No,1 tablet after meals
741,Amnuring 5 Tablet SR,5mg,Taste change,Amitriptyline (5mg) ,Yes,1 tablet daily for 3 days
742,Aldactone T 10 Tablet,50mg,Hypoglycemia (low blood glucose level),Spironolactone (50mg) ,Yes,1 tablet daily
743,Ascodex Plus Syrup,50mg/5ml,Rash,Guaifenesin (50mg/5ml) ,Yes,1 tablet after meals
744,Addkay Tablet PR,750mg,Sedation,Potassium Chloride (750mg),Yes,"As directed, sip slowly"
745,Aggribloc 5mg Infusion,5mg,Injection site pain,Tirofiban (5mg),Yes,1 tablet at night
746,Acotibien 100mg Tablet,100mg,Headache,Acotiamide (100mg),No,1 tablet after meals
747,Althrocin 100mg Drop,100mg,Increased bleeding tendency,Erythromycin (100mg),No,"As directed, sip slowly"
748,Ambrodil-S Plus Syrup,0.5mg/5ml,"Application site reactions (burning, irritation, itching and redness)",Levosalbutamol (0.5mg/5ml) ,Yes,1 tablet at night
749,Alsita-M 100 Forte Tablet ER,100mg,Nausea,Sitagliptin  (100mg) ,Yes,1 tablet after meals
750,Amoxil 250mg Capsule,250mg,Headache,Amoxycillin (250mg),No,1 tablet before meals
751,Amicet Plus Tablet,60mg,Headache,Ambroxol (60mg) ,Yes,1 capsule every 8 hrs
752,Azitus 500 Tablet,500mg,Vomiting,Azithromycin (500mg),Yes,1 tablet at night
753,Atorlip-ASP 20 Capsule,20mg,Headache,Atorvastatin (20mg) ,No,As prescribed by doctor
754,Allegra 30mg Tablet,30mg,Stomach pain,Fexofenadine (30mg),Yes,1 tablet every 8 hrs
755,Acutrol C 400 Tablet,400mg,Increased bleeding tendency,Sevelamer (400mg),Yes,1 tablet after meals
756,Ace Proxyvon TH 4 Tablet,4mg,Headache,Thiocolchicoside (4mg) ,Yes,1 capsule every 8 hrs
757,Almefkem-D Tablet,80mg,Nausea,Drotaverine (80mg) ,Yes,1 tablet after meals
758,Anfoe 4000IU Injection,,Dizziness,Recombinant Human Erythropoietin Alfa (4000IU),Yes,1 tablet after meals
759,Auxerg Cream,10mg,Nausea,Oxiconazole (10mg),Yes,1 tablet daily
760,Ata Tablet,20mg,Nausea,Bilastine (20mg),Yes,1 tablet daily for 3 days
761,Amisant 200 Tablet,200mg,No common side effects seen,Amisulpride (200mg),No,As prescribed by doctor
762,Allercet-L Tablet,5mg,Dyspepsia,Levocetirizine (5mg),Yes,1 tablet daily for 3 days
763,Andre Plus Eye Drops,,Constipation,Naphazoline (0.056% w/v) ,Yes,1 tablet daily
764,Arbitel 20 Tablet,20mg,Stomach pain,Telmisartan (20mg),Yes,1 tablet daily
765,Acrotac 10mg Capsule,10mg,Blisters on skin,Acitretin (10mg),Yes,1 tablet at night
766,Ara Eye Gel,,Headache,Hydroxypropylmethylcellulose (0.3% w/w),No,1 tablet before meals
767,Aginal 5 Tablet,5mg,Vomiting,Amlodipine (5mg),Yes,1 capsule every 8 hrs
768,Amtas 2.5 Tablet,2.5mg,Vomiting,Amlodipine (2.5mg),Yes,As prescribed by doctor
769,Aricep 10 Tablet,10mg,Dizziness,Donepezil (10mg),Yes,As prescribed by doctor
770,AD 10mg Sachet,10mg,Vomiting,Racecadotril (10mg),Yes,1 tablet every 8 hrs
771,A Ret HC Cream,,Nausea,Hydroquinone (2% w/w) ,Yes,1 tablet every 8 hrs
772,Astin CV 10 Capsule,10mg,Sleepiness,Atorvastatin (10mg) ,Yes,1 tablet before meals
773,Amodep 5 Tablet,5mg,Nausea,Amlodipine (5mg),Yes,1 tablet after meals
774,Arifine 2.5 Tablet,2.5mg,Nausea,Aripiprazole (2.5mg),No,1 tablet daily for 3 days
775,Azithral 250mg DT Tablet,250mg,Limited data available,Azithromycin (250mg),No,1 tablet every 6 hrs
776,Apilysin Syrup,2mg/5ml,Vomiting,Cyproheptadine (2mg/5ml) ,Yes,1 tablet before meals
777,Acetik-HC Ear Drop,,Ejaculation disorder,Hydrocortisone (1% w/v) ,Yes,1 tablet daily
778,Aricep-M  Tablet,5mg,Nausea,Donepezil (5mg) ,Yes,1 tablet daily
779,Airtec FB 200 Instacap,,Sleepiness,Formoterol (6mcg) ,Yes,1 tablet after meals
780,Amoxy 250mg Capsule,250mg,Dyspepsia,Amoxycillin (250mg),Yes,1 tablet after meals
781,Alorti Tablet,10mg,Eye irritation,Loratadine (10mg),Yes,As prescribed by doctor
782,App.UP Plus Syrup,2mg/5ml,"Injection site reactions (pain, swelling, redness)",Cyproheptadine (2mg/5ml) ,Yes,1 tablet daily for 3 days
783,Atormac TG Tablet,10mg,Stomach pain,Atorvastatin (10mg) ,Yes,1 tablet after meals
784,Azovas 8mg Tablet,8mg,Constipation,Azelnidipine (8mg),Yes,"As directed, sip slowly"
785,Afoglip M  1000 Tablet ER,1000mg,Dizziness,Metformin (1000mg) ,No,1 capsule every 8 hrs
786,Ambistryn-S 1gm Injection,1gm,Nausea,Streptomycin (1gm),Yes,1 tablet every 8 hrs
787,Anti Cold Syrup,2mg/5ml,"Injection site reactions (pain, swelling, redness)",Chlorpheniramine Maleate (2mg/5ml) ,Yes,1 tablet daily for 3 days
788,Anxipam 0.5mg Tablet MD,0.5mg,Headache,Clonazepam (0.5mg),Yes,1 tablet at night
789,Abmac Tablet,200mg,Headache,Acebrophylline (200mg) ,Yes,As prescribed by doctor
790,Alkof Syrup Orange,50mg,Nausea,Guaifenesin (50mg) ,No,1 tablet before meals
791,Anin Tablet,5mg,Taste change,Allylestrenol (5mg),Yes,1 tablet at night
792,Acnedap Plus Gel,,Hypoglycemia (low blood glucose level),Dapsone (5% w/w) ,No,"As directed, sip slowly"
793,Apresol Plus Tablet,20mg,Rash,Isosorbide Dinitrate (20mg) ,No,1 tablet daily
794,Azulix MV 2mg/500mg/0.3mg Tablet SR,2mg,Vomiting,Glimepiride (2mg) ,Yes,1 tablet daily
795,Ace-Proxyvon SP Tablet,100mg,Vomiting,Aceclofenac (100mg) ,Yes,1 capsule every 8 hrs
796,Angistat 2.5 Capsule TR,2.5mg,Abdominal pain,Nitroglycerin (2.5mg),Yes,1 tablet every 8 hrs
797,Anafortan N 100 mg/50 mg Tablet,100mg,Headache,Nimesulide (100mg) ,Yes,As prescribed by doctor
798,Atorlip CV Capsule,10mg,Nausea,Atorvastatin (10mg) ,No,1 capsule every 8 hrs
799,Anozest Cream,,Nausea,Lidocaine (1.5% w/w) ,No,1 tablet after meals
800,Amoxil 250mg Tablet DT,250mg,Nausea,Amoxycillin (250mg),Yes,1 tablet daily
801,Acemiz 100mg Tablet,100mg,High blood pressure,Aceclofenac (100mg),Yes,"As directed, sip slowly"
802,Alrista Plus Tablet SR,150mg,Dry skin,Epalrestat (150mg) ,Yes,1 tablet daily
803,Ascapil 12A Tablet DT,12mg,Headache,Ivermectin  (12mg) ,Yes,As prescribed by doctor
804,Addex 500mg Ointment,500mg,Nausea,Cadexomer Iodine (500mg),Yes,1 tablet after meals
805,Acetik Ear Drop,,Sleepiness,Acetic acid (2% w/v),Yes,1 tablet at night
806,Aisa  Tablet,50mg,Eye irritation,Benfotiamine (50mg) ,No,1 tablet at night
807,Acolate P Plus Tablet,60mg,Upper respiratory tract infection,Ambroxol (60mg) ,Yes,1 tablet every 6 hrs
808,Airz-F Digihaler,,Dryness in mouth,Formoterol (4.8mcg) ,Yes,1 tablet daily for 3 days
809,Anleo-DSR Capsule,30mg,Blurred vision,Domperidone (30mg) ,Yes,1 tablet at night
810,Aladrine 2.5mg Tablet,2.5mg,Headache,Midodrine (2.5mg),No,1 tablet at night
811,Azarga Eye Drop,10mg,Headache,Brinzolamide (10mg) ,No,1 capsule every 8 hrs
812,Amlopres 10 Tablet,10mg,Nausea,Amlodipine (10mg),Yes,1 tablet every 6 hrs
813,Anti-Thyrox 5 Tablet,5mg,Skin rash,Carbimazole (5mg),Yes,1 tablet after meals
814,Anthocyn-TX Cream,,Thinning of skin,Tranexamic Acid (10% w/w) ,No,1 tablet every 6 hrs
815,Anomed L Cream,,Stomach pain,Lidocaine (1.5% w/w) ,Yes,As prescribed by doctor
816,Ampoxin-CV 500mg/125mg Tablet,500mg,Headache,Amoxycillin  (500mg) ,No,1 tablet every 6 hrs
817,Azilide 250 Tablet,250mg,Akathisia (inability to stay still),Azithromycin (250mg),Yes,As prescribed by doctor
818,App UP Syrup,2mg,Vomiting,Cyproheptadine (2mg) ,Yes,1 tablet every 6 hrs
819,Apraize 10 Tablet,10mg,Constipation,Apremilast (10mg),Yes,1 tablet after meals
820,Alkasol Oral Solution Sugar Free,,"Application site reactions (burning, irritation, itching and redness)",Disodium Hydrogen Citrate (1.4gm/5ml),Yes,As prescribed by doctor
821,Abirapro 250mg Tablet,250mg,Nausea,Abiraterone Acetate (250mg),Yes,1 tablet daily for 3 days
822,Acolate Kid Syrup Mango,1mg/5ml,Tremors,Chlorpheniramine Maleate (1mg/5ml) ,No,1 tablet after meals
823,Androtas Gel,,Rash,Testosterone (1% w/w),No,1 tablet every 6 hrs
824,Atorec-ASP Capsule,10mg,Sleepiness,Atorvastatin (10mg) ,No,1 tablet daily
825,Aziwok 100 Liquid,100mg/5ml,Constipation,Azithromycin (100mg/5ml),Yes,1 tablet every 8 hrs
826,Amitryn-C Tablet,12.5mg,Nausea,Amitriptyline (12.5mg) ,Yes,1 tablet every 8 hrs
827,Azee 1000 Tablet,1000mg,Hypoglycemia (low blood glucose level),Azithromycin (1000mg),Yes,1 tablet daily
828,Adefresh 400 Tablet,400mg,Skin rash,Ademetionine (400mg),Yes,1 tablet at night
829,Abphylin 100mg Capsule,100mg,Diarrhea,Acebrophylline (100mg),Yes,1 tablet before meals
830,Adriamycin 50mg Injection,50mg,Depression,Doxorubicin (Plain) (50mg),Yes,1 tablet before meals
831,Azulix MV 2/0.2 Tablet SR,2mg,Nausea,Glimepiride (2mg) ,Yes,1 tablet before meals
832,Absolut DM Capsule,,Nausea,Methylcobalamin (1500mcg) ,Yes,As prescribed by doctor
833,Ambrodil-XP Capsule,100mg,Edema (swelling),Acebrophylline (100mg),Yes,1 tablet at night
834,Augxetil 500mg Tablet,500mg,Skin irritation,Cefuroxime (500mg),Yes,As prescribed by doctor
835,Adiff Gel,,Headache,Adapalene (0.1% w/w),Yes,1 tablet every 8 hrs
836,Augplat 250mcg Injection,,Nausea,Romiplostim (250mcg),Yes,1 tablet daily for 3 days
837,Actiheal-D Tablet,48mg,Nausea,Trypsin (48mg) ,Yes,1 tablet at night
838,Adilip 45 Tablet DR,45mg,Blurred vision,Fenofibrate (45mg),Yes,1 tablet every 8 hrs
839,Adalipca 40mg Injection,40mg,Nausea,Adalimumab (40mg),Yes,1 tablet at night
840,Alfa GPC Tablet,400mg,Stomach pain,Alpha glycerylphosphorylcholine (400mg),Yes,1 tablet before meals
841,Atracurium Besilate Injection,,Anal irritation,Atracurium (NA),Yes,As prescribed by doctor
842,Ambropil BR Syrup,15mg/5ml,Rash,Ambroxol (15mg/5ml) ,No,1 tablet every 6 hrs
843,Andriol 40mg Testocap,40mg,Vomiting,Testosterone (40mg),Yes,1 tablet daily
844,ANALGIN 500MG TABLET,500mg,Nausea,Metamizole (500mg),Yes,1 tablet every 6 hrs
845,Asprito 5 Tablet,5mg,Nausea,Aripiprazole (5mg),Yes,1 tablet every 8 hrs
846,Accuzon 1g Injection,1000mg,Pain,Ceftriaxone (1000mg),No,1 tablet after meals
847,Atrest 25 Tablet,25mg,Burning sensation,Tetrabenazine (25mg),Yes,"As directed, sip slowly"
848,Amlodac M Tablet PR,5mg,Nausea,Amlodipine (5mg) ,Yes,1 tablet every 8 hrs
849,Amicin 500mg Injection,500mg,Nausea,Amikacin (500mg),Yes,As prescribed by doctor
850,Atocor Gold 20 Capsule,75mg,Indigestion,Aspirin (75mg) ,Yes,1 capsule every 8 hrs
851,Atocor 80 Tablet,80mg,Diarrhea,Atorvastatin (80mg),Yes,1 tablet every 8 hrs
852,Actifed Plus Tablet,500mg,Headache,Paracetamol (500mg) ,Yes,1 tablet at night
853,Alcinac P 100mg/325mg Tablet,100mg,Itching,Aceclofenac (100mg) ,Yes,As prescribed by doctor
854,Arpizol 15 Tablet,15mg,Headache,Aripiprazole (15mg),Yes,1 tablet every 6 hrs
855,Arigaba NT Tablet,400mg,Nausea,Gabapentin (400mg) ,Yes,1 capsule every 8 hrs
856,Acivir 400mg Syrup,400mg,Dry skin,Acyclovir (400mg),Yes,1 tablet every 6 hrs
857,Amlomed AT 5mg/50mg Tablet,5mg,Anal irritation,Amlodipine (5mg) ,Yes,1 tablet daily
858,Azusa T 8/40 Tablet,40mg,Vomiting,Telmisartan (40mg) ,Yes,1 tablet after meals
859,Azomycin 500 Tablet,500mg,Vomiting,Azithromycin (500mg),Yes,"As directed, sip slowly"
860,Abortab 200mg Tablet,200mg,Constipation,Mifepristone (200mg),Yes,"As directed, sip slowly"
861,Aldryl Syrup,,Diarrhea,Citric Acid (NA) ,Yes,1 tablet daily for 3 days
862,Azibact 100 Readymix Oral Suspension,100mg/5ml,Stomach pain,Azithromycin (100mg/5ml),Yes,1 tablet before meals
863,Accuzon Plus 1.5gm Injection,1000mg,Edema (swelling),Ceftriaxone (1000mg) ,Yes,1 tablet after meals
864,Anaproct Ointment,,Diarrhea,Hydrocortisone (0.25% w/w) ,Yes,1 tablet before meals
865,Attentrol 10mg Capsule,10mg,"Injection site reactions (pain, swelling, redness)",Atomoxetine (10mg),Yes,1 tablet after meals
866,Amace Tablet,5mg,Abdominal pain,Amlodipine (5mg) ,No,1 tablet daily for 3 days
867,Aciloc-S Suspension Sugar Free,480mg,Vomiting,Magaldrate (480mg) ,Yes,1 tablet daily
868,Ara Eye Drop,,Constipation,Hydroxypropylmethylcellulose (0.3% w/v) ,No,1 tablet after meals
869,Aziwok-XL 200 Liquid,200mg/5ml,Vomiting,Azithromycin (200mg/5ml),Yes,1 tablet before meals
870,Aim7 60 XR Tablet,60mg,Nausea,Gliclazide (60mg) ,No,1 tablet every 6 hrs
871,Atchol Gold 10 Capsule,75mg,Nausea,Aspirin (75mg) ,Yes,1 capsule every 8 hrs
872,Acenac-P  Tablet,100mg,Vomiting,Aceclofenac (100mg) ,Yes,1 capsule every 8 hrs
873,Amortas Cream,,Nausea,Amorolfine (0.25% w/w) ,Yes,1 tablet every 6 hrs
874,Aldonil Plus Tablet SR,150mg,Limited data available,Epalrestat (150mg) ,Yes,1 capsule every 8 hrs
875,Auxerg Cream,10mg,Nausea,Oxiconazole (10mg),Yes,1 capsule every 8 hrs
876,Acotrust  Tablet,100mg,Rash,Acotiamide (100mg),Yes,1 tablet every 6 hrs
877,Aldep 10 Tablet,10mg,Erythema (skin redness),Amitriptyline (10mg),Yes,1 tablet at night
878,AT SP Tablet,50mg,Headache,Diclofenac (50mg) ,Yes,As prescribed by doctor
879,Anxol Tablet,25mg,Nausea,Doxylamine (25mg),Yes,1 tablet every 6 hrs
880,Aricef O 50mg/5ml Dry Syrup,50mg/5ml,Increased liver enzymes,Cefixime (50mg/5ml),No,1 capsule every 8 hrs
881,Addwize OD 18mg Tablet,18mg,Headache,Methylphenidate (18mg),No,As prescribed by doctor
882,Amipride 50 Tablet,50mg,No common side effects seen,Amisulpride (50mg),Yes,1 tablet every 6 hrs
883,Altiva 120mg Tablet,120mg,Itching,Fexofenadine (120mg),Yes,1 tablet every 8 hrs
884,Aclon-SP Tablet,100mg,Headache,Aceclofenac (100mg) ,No,1 tablet daily
885,Allenza Tablet,180mg,Diarrhea,Bromelain (180mg) ,Yes,1 tablet every 6 hrs
886,Amrolmac Cream,,Vomiting,Amorolfine (0.25% w/w),Yes,"As directed, sip slowly"
887,Atrovas 40mg Tablet,40mg,Akathisia (inability to stay still),Atorvastatin (40mg),No,1 tablet daily for 3 days
888,Amtas 10 Tablet,10mg,Diarrhea,Amlodipine (10mg),Yes,"As directed, sip slowly"
889,Alpostin 500mcg Injection,,Nausea,Alprostadil (500mcg),Yes,1 tablet every 6 hrs
890,Alka-PH Syrup,,Nausea,Disodium Hydrogen Citrate (1.4gm/5ml),Yes,As prescribed by doctor
891,Amlokind Beta 5mg/25mg Tablet PR,5mg,Increased blood urea,Amlodipine (5mg) ,Yes,1 tablet every 8 hrs
892,Afogatran 110 Capsule,110mg,Increased bleeding tendency,Dabigatran Etexilate (110mg),No,As prescribed by doctor
893,Auradex 4mg Tablet,4mg,Increased liver enzymes,Dexamethasone (4mg),Yes,1 tablet after meals
894,Ancool  SF Suspension,500mg,Vomiting,Sucralfate (500mg),Yes,1 tablet after meals
895,Aggramed 5mg Infusion,5mg,Akathisia (inability to stay still),Tirofiban (5mg),Yes,1 tablet after meals
896,Acetamide 250mg Tablet,250mg,Dyspepsia,Acetazolamide (250mg),Yes,1 tablet at night
897,Agmacet 10mg Tablet,10mg,Nausea,Cetirizine (10mg),Yes,1 capsule every 8 hrs
898,Amloz AT Tablet,5mg,Nausea,Amlodipine (5mg) ,Yes,1 tablet at night
899,Aerodil-DX Syrup Raspberry Sugar Free,4mg/5ml,Nausea,Chlorpheniramine Maleate (4mg/5ml) ,Yes,1 tablet every 6 hrs
900,Arip MT 10 Tablet,10mg,Akathisia (inability to stay still),Aripiprazole (10mg),Yes,1 capsule every 8 hrs
901,Alivher ES Tablet,1mg,Constipation,Estradiol (1mg) ,Yes,1 tablet daily
902,Amrfy 0.25% Cream,,Headache,Amorolfine (0.25% w/w),No,1 tablet every 6 hrs
903,Amrobrut Cream,,Sleepiness,Amorolfine (0.25% w/w) ,Yes,"As directed, sip slowly"
904,Ace Plus Tablet,100mg,Dizziness,Aceclofenac (100mg) ,Yes,"As directed, sip slowly"
905,Advent 228.5mg Dry Syrup,200mg,Vomiting,Amoxycillin  (200mg) ,Yes,1 tablet every 6 hrs
906,Alides 5mg Tablet,5mg,Nausea,Desloratadine (5mg),No,1 tablet at night
907,Alastin AM Tablet,60mg,Stomach pain/epigastric pain,Ambroxol (60mg) ,Yes,1 tablet after meals
908,Ascodex SF Syrup Sugar Free,50mg/5ml,Vomiting,Guaifenesin (50mg/5ml) ,Yes,"As directed, sip slowly"
909,Amclaid 625 Tablet,500mg,Diarrhea,Amoxycillin  (500mg) ,Yes,1 tablet daily
910,Aloederm F Cream,,"Application site reactions (burning, irritation, itching and redness)",Fusidic Acid (2% w/w),Yes,1 tablet daily
911,Avoprost 8mg Capsule,8mg,Headache,Silodosin (8mg),Yes,1 tablet daily
912,Amiline 10mg Tablet,10mg,Decreased blood pressure,Amitriptyline (10mg),Yes,1 tablet every 6 hrs
913,Arvast F 10 Tablet,67mg,Chalky taste,Fenofibrate (67mg) ,No,1 tablet after meals
914,Anin 500mg Injection,500mg,"Application site reactions (burning, irritation, itching and redness)",Hydroxyprogesterone (500mg),Yes,1 tablet before meals
915,Amloz 5 Tablet,5mg,Vomiting,Amlodipine (5mg),Yes,1 tablet before meals
916,Azulix 4 MF Forte Tablet PR,4mg,Hypoglycemia (low blood glucose level),Glimepiride (4mg) ,Yes,1 capsule every 8 hrs
917,Amtas-AT 25 Tablet,5mg,Increased bleeding tendency,Amlodipine (5mg) ,Yes,1 tablet every 6 hrs
918,Arophyll HD 10mg/120mg/200mg Tablet,10mg,Nausea,Montelukast (10mg) ,No,1 tablet daily
919,Alcaft Eye Drop,2.5mg/ml,Limited data available,Alcaftadine (2.5mg/ml),Yes,1 capsule every 8 hrs
920,Acitrom 0.5 Tablet,0.5mg,Nausea,Acenocoumarol (0.5mg),No,1 tablet daily for 3 days
921,Asar 40 Tablet,40mg,Dry skin,Azilsartan medoxomil (40mg),Yes,1 capsule every 8 hrs
922,Anxit 0.5 SR Tablet,0.5mg,Headache,Alprazolam (0.5mg),Yes,1 tablet every 8 hrs
923,Alkazip Syrup,,Constipation,Disodium Hydrogen Citrate (1.53gm/5ml),Yes,1 tablet daily for 3 days
924,Afoglip M  500 Tablet ER,500mg,Nausea,Metformin (500mg) ,No,1 tablet daily
925,Arvast-CF 10 Capsule DR,135mg,Drowsiness,Fenofibrate (135mg) ,Yes,1 tablet after meals
926,AUGMENTIN 375 DUO TABLET,250mg,Abdominal pain,Amoxycillin  (250mg) ,Yes,1 tablet daily for 3 days
927,Actrapid 100IU/ml Solution for Injection,,Headache,Human insulin (100IU),Yes,1 tablet every 8 hrs
928,Axinerve-P Tablet SR,,Nausea,Methylcobalamin (1500mcg) ,Yes,1 tablet daily
929,Adiflam Plus 400 mg/500 mg Tablet,400mg,Headache,Ibuprofen (400mg) ,No,1 tablet daily for 3 days
930,Amitop M 5mg/1500mcg Tablet,5mg,Nausea,Amitriptyline (5mg) ,No,1 tablet before meals
931,Asomex-D Tablet,2.5mg,No common side effects seen,Amlodipine (2.5mg) ,Yes,1 tablet daily for 3 days
932,Azro 500 Tablet,500mg,Blisters on skin,Azithromycin (500mg),No,1 tablet daily for 3 days
933,Answell 400 mg/325 mg Tablet,400mg,Dyspepsia,Ibuprofen (400mg) ,Yes,1 capsule every 8 hrs
934,Acenext 100mg Tablet,100mg,Headache,Aceclofenac (100mg),Yes,"As directed, sip slowly"
935,Advent 1.2gm  Injection,1000mg,Apnea (absence of breathing),Amoxycillin  (1000mg) ,No,1 capsule every 8 hrs
936,AZILUP 500 MG TABLET,500mg,Stomach pain,Azithromycin (500mg),Yes,1 tablet before meals
937,Aceron TC Tablet,100mg,Nausea,Aceclofenac (100mg) ,Yes,As prescribed by doctor
938,Aldigesic-Rab Capsule SR,200mg,Nausea,Aceclofenac (200mg) ,Yes,1 tablet after meals
939,ACTION OR 1000mg Tablet,1000mg,Cardiovascular complications,Paracetamol (1000mg),Yes,1 tablet every 8 hrs
940,Adilin 40mg Tablet SR,40mg,Constipation,Isoxsuprine (40mg),Yes,1 capsule every 8 hrs
941,Abhayrab-PF Vaccine,,Headache,"Rabies vaccine, Human (2.5IU)",Yes,As prescribed by doctor
942,Amlodac 10 Tablet,10mg,Tingling sensation of extremity,Amlodipine (10mg),Yes,As prescribed by doctor
943,Alfalog Tablet,,Sleepiness,Alpha Ketoanalogue (NA),Yes,1 tablet at night
944,Azax 500 Tablet,500mg,Sleepiness,Azithromycin (500mg),No,1 tablet daily
945,Azifast Gel,,Upset stomach,Azithromycin (2% w/w),Yes,As prescribed by doctor
946,Amlovas-L Tablet,5mg,Akathisia (inability to stay still),Amlodipine (5mg) ,Yes,1 tablet after meals
947,Atorsave D 10 Tablet,10mg,Diarrhea,Atorvastatin (10mg) ,No,1 tablet at night
948,Amfy V  Vaginal gel,1mg,Blisters on skin,Amphotericin B (1mg),No,1 tablet every 8 hrs
949,AMIT 10 MG TABLET,10mg,Limited data available,Amitriptyline (10mg),Yes,1 capsule every 8 hrs
950,Alex P Paed Drop,2mg/ml,Nausea,Chlorpheniramine Maleate (2mg/ml) ,Yes,As prescribed by doctor
951,Azivent 250 Tablet,250mg,Nausea,Azithromycin (250mg),No,1 tablet daily
952,Alto's Citrasol Liquid,,Sleepiness,Disodium Hydrogen Citrate (1.4gm/5ml),Yes,1 tablet every 6 hrs
953,Amorfine Cream,,Upset stomach,Amorolfine (0.25% w/w),Yes,1 tablet at night
954,Azapure Tablet,50mg,Nausea,Azathioprine (50mg),Yes,1 tablet every 6 hrs
955,Akme-Entoquol Tablet,2mg,Vomiting,Loperamide (2mg) ,Yes,1 capsule every 8 hrs
956,Amrolmac Cream,,Retrograde ejaculation,Amorolfine (0.25% w/w),Yes,"As directed, sip slowly"
957,Atherochek 10 Tablet,10mg,Constipation,Atorvastatin (10mg) ,No,1 capsule every 8 hrs
958,Axepta 18mg Tablet,18mg,Headache,Atomoxetine (18mg),Yes,"As directed, sip slowly"
959,Alconil 500mg Tablet,500mg,Injection site pain,Disulfiram (500mg),Yes,As prescribed by doctor
960,Ascodex D Syrup,5mg/5ml,Headache,Phenylephrine (5mg/5ml) ,No,As prescribed by doctor
961,Angiplat 6.5 Capsule TR,6.5mg,Hypoglycemia (low blood glucose level),Nitroglycerin (6.5mg),No,1 tablet before meals
962,Adfrar Injection,40mg/0.8ml,Sleepiness,Adalimumab (40mg/0.8ml),Yes,"As directed, sip slowly"
963,Ambrox T Syrup,15mg/5ml,Nausea,Ambroxol (15mg/5ml) ,Yes,1 tablet every 6 hrs
964,Aciloc Only Oral Liquid,25mg,Eye irritation,Ranitidine (25mg),Yes,1 tablet before meals
965,Azunate 60mg Injection,60mg,Hemorrhage,Artesunate (60mg),Yes,1 tablet every 8 hrs
966,Acton-OR Plus+ Tablet,325mg,Dizziness,Paracetamol (325mg) ,Yes,1 tablet after meals
967,Amikacin 250mg Injection,250mg,Lightheadedness,Amikacin (250mg),Yes,1 tablet every 6 hrs
968,Accardi MR Tablet MR,35mg,Stomach pain,Trimetazidine (35mg),Yes,1 tablet every 6 hrs
969,Acenac-SR Tablet,200mg,Hypoglycemia (low blood glucose level),Aceclofenac (200mg),Yes,1 tablet daily for 3 days
970,Albutamol Plus Tablet,,Headache,Salbutamol (NA) ,Yes,"As directed, sip slowly"
971,Azirin 500mg Tablet,500mg,Vomiting,Azithromycin (500mg),Yes,1 tablet at night
972,Azusa 8mg Tablet,8mg,Hypoglycemia (low blood glucose level),Azelnidipine (8mg),Yes,1 tablet at night
973,Amlodac CH Tablet,5mg,Dizziness,Amlodipine (5mg) ,Yes,1 tablet daily for 3 days
974,Atorec 10 Tablet,10mg,Heartburn,Atorvastatin (10mg),No,1 tablet after meals
975,Azilide 100 RediMed Oral Suspension,100mg/5ml,Constipation,Azithromycin (100mg/5ml),Yes,1 tablet after meals
976,Alkanil Syrup,625mg/5ml,Glucose intolerance,Disodium Hydrogen Citrate (625mg/5ml),Yes,1 tablet every 8 hrs
977,Atrest 12.5 Tablet,12.5mg,Vomiting,Tetrabenazine (12.5mg),Yes,As prescribed by doctor
978,Abvida 50mg Tablet,50mg,Heartburn,Vildagliptin (50mg),No,As prescribed by doctor
979,Azee XL 100mg Dry Syrup Peppermint,100mg/5ml,Vomiting,Azithromycin (100mg/5ml),Yes,1 tablet every 6 hrs
980,ASA 75mg Tablet,75mg,Vomiting,Aspirin (75mg),Yes,1 tablet every 8 hrs
981,Amnurite  25 Tablet SR,25mg,Vomiting,Amitriptyline (25mg) ,No,1 tablet after meals
982,Atorlip 5 Tablet,5mg,Nausea,Atorvastatin (5mg),Yes,"As directed, sip slowly"
983,Acnetoin Plus Gel,,Nausea,Clindamycin (1% w/w) ,Yes,1 tablet before meals
984,Amlovas-M 5/25 Tablet PR,5mg,Stomach pain,Amlodipine (5mg) ,Yes,1 tablet every 8 hrs
985,Aziford 500mg Tablet,500mg,Dizziness,Azithromycin (500mg),Yes,1 capsule every 8 hrs
986,Anglit 2.6 Tablet CR,2.6mg,Pain,Nitroglycerin (2.6mg),No,"As directed, sip slowly"
987,Amlogard 2.5mg Tablet,2.5mg,Headache,Amlodipine (2.5mg),Yes,1 tablet every 6 hrs
988,Amdepin 5 Tablet,5mg,Increased calcium level in blood,Amlodipine (5mg),Yes,"As directed, sip slowly"
989,AB-Resp Tablet,100mg,Vomiting,Acebrophylline (100mg),Yes,1 tablet after meals
990,Amiodar 200 Tablet,200mg,"Application site reactions (burning, irritation, itching and redness)",Amiodarone (200mg),No,1 tablet at night
991,Amazeo OD 100 Tablet SR,100mg,Ankle swelling,Amisulpride (100mg),Yes,"As directed, sip slowly"
992,Alzero M Syrup,2.5mg,Nausea,Levocetirizine (2.5mg) ,Yes,1 tablet before meals
993,Acocontin Tablet CR,75mg,No common side effects seen,Ambroxol (75mg),Yes,"As directed, sip slowly"
994,Alphacept 8 Tablet,8mg,Constipation,Silodosin (8mg),No,As prescribed by doctor
995,Azithral XL 200 Liquid,200mg/5ml,Nausea,Azithromycin (200mg/5ml),Yes,As prescribed by doctor
996,Altime CF Syrup,15mg,Vomiting,Ambroxol (15mg) ,Yes,1 tablet daily
997,Augxetil CV 500 Tablet,500mg,Stomach pain,Cefuroxime (500mg) ,Yes,1 capsule every 8 hrs
998,Ambrolite Cold Syrup,30mg/5ml,Blisters on skin,Ambroxol (30mg/5ml),No,"As directed, sip slowly"
999,Altonil Syrup,3mg/5ml,Decreased white blood cell count,Melatonin (3mg/5ml),Yes,1 capsule every 8 hrs
1000,Asolt-AT Tablet,46.5mg,Constipation,Diclofenac (46.5mg) ,No,As prescribed by doctor
1001,Paracetamol,500mg,"Fever,Headache","Crocin, Dolo",Yes,1 tablet every 6 hrs
1002,Cetirizine,10mg,"Allergy, Cold",Levocetirizine (2.5mg) ,Yes,1 tablet at night
1003,Metformin,500 mg,Diabetes,Glimepiride,Yes,1 tablet after meals
1004,Ibuprofen,400mg,"Pain,Inflammation",Diclofenac,Yes,1 tablet every 8 hrs
1005,Ranitidine,150mg,Acidity,Famotidine,Yes,1 tablet before meals
1006,ORS Solution,200ml,Dehydration,Electral Powder,Yes,"As directed, sip slowly"
1007,Vitamin C,500mg,Immunity Boost,Zincovit,Yes,1 tablet daily
1008,Azithromycin,500mg,Throat Infection,Clarithromycin,Yes,1 tablet daily for 3 days
1009,Insulin,10ml,Diabetes,Human Mixtard,No,As prescribed by doctor
